RA,Fase,Pedra_atual,INDE_atual,prob_risk_defasagem_worsen,faixa_risco_alt
RA-767,1,Topázio,8.131890476200002,0.8746,Alto
RA-479,3,Topázio,8.901966666666668,0.8716,Alto
RA-578,3,Topázio,9.066199999966669,0.8669,Alto
RA-733,1,Topázio,8.808825,0.8665,Alto
RA-755,1,Topázio,8.925450000000001,0.8607,Alto
RA-988,1,Topázio,8.1765333333,0.8591,Alto
RA-826,1,Ametista,7.9442,0.8582,Alto
RA-831,1,Topázio,8.0066285715,0.8548,Alto
RA-894,1,Topázio,8.67895,0.8503,Alto
RA-873,1,Ametista,7.61095,0.8464,Alto
RA-418,4,Topázio,9.125183333366667,0.8441,Alto
RA-543,3,Topázio,8.0467871118,0.839,Alto
RA-1438,1,Topázio,8.176825000000001,0.8388,Alto
RA-749,0,Topázio,8.3373184211,0.8384,Alto
RA-795,1,Topázio,8.441414285700002,0.8355,Alto
RA-146,5,Topázio,8.134554885333333,0.8348,Alto
RA-718,2,Topázio,8.705811111100001,0.8342,Alto
RA-651,3,Topázio,8.689300000100001,0.833,Alto
RA-1057,1,Topázio,8.2352,0.8314,Alto
RA-1283,0,Topázio,8.3033538462,0.8311,Alto
RA-879,1,Topázio,8.1096318182,0.8284,Alto
RA-1028,1,Ametista,7.1404338602,0.8279,Alto
RA-1432,1,Topázio,8.774075000000002,0.8277,Alto
RA-735,2,Ametista,7.7888467391,0.8274,Alto
RA-753,1,Topázio,8.2450571429,0.8213,Alto
RA-601,1,Topázio,8.5107,0.8205,Alto
RA-850,1,Ametista,7.864245454500001,0.8184,Alto
RA-1350,0,Topázio,8.335450000000002,0.818,Alto
RA-1433,1,Topázio,8.1939895962,0.8174,Alto
RA-829,2,Topázio,9.171825000000002,0.8173,Alto
RA-1413,1,Ametista,7.747564718600001,0.8153,Alto
RA-1332,0,Topázio,8.1040529412,0.8066,Alto
RA-1294,0,Ametista,7.9493666666,0.8053,Alto
RA-944,0,Ametista,7.8262,0.8051,Alto
RA-438,2,Ametista,7.930283695700001,0.805,Alto
RA-1335,0,Topázio,8.3217,0.8039,Alto
RA-1001,1,Ametista,7.7964318841,0.8029,Alto
RA-1062,1,Ametista,7.6147238096,0.7971,Alto
RA-819,2,Topázio,8.652552484400001,0.7955,Alto
RA-1153,4,Topázio,8.268876190466667,0.7953,Alto
RA-898,1,Ametista,7.8661333334,0.7952,Alto
RA-503,3,Topázio,8.547495614066667,0.7952,Alto
RA-1406,1,Ametista,7.8186772727,0.7917,Alto
RA-157,5,Topázio,8.950566666733334,0.7916,Alto
RA-670,3,Topázio,8.8602539683,0.7915,Alto
RA-180,5,Topázio,8.801463636333335,0.7884,Alto
RA-1465,2,Ametista,7.3344666666,0.7884,Alto
RA-592,3,Ametista,7.121622213600001,0.7876,Alto
RA-1428,1,Topázio,8.006108496800001,0.7871,Alto
RA-1199,5,Ametista,7.614235714266666,0.785,Alto
RA-1056,1,Topázio,8.192009523800001,0.7825,Alto
RA-87,7,Topázio,9.437924561333332,0.782,Alto
RA-1178,5,Topázio,8.0934746032,0.7768,Alto
RA-810,1,Ametista,7.704770175400001,0.7737,Alto
RA-1453,2,Ametista,7.1234857143,0.7718,Alto
RA-590,2,Agata,6.712378053800001,0.7675,Alto
RA-1434,1,Topázio,8.2775982919,0.7663,Alto
RA-1025,1,Ametista,7.897071212,0.7622,Alto
RA-167,6,Topázio,8.033470175466666,0.756,Alto
RA-274,5,Topázio,8.651029629666667,0.7553,Alto
RA-1022,1,Ametista,7.613169697000002,0.7537,Alto
RA-966,0,Ametista,7.9943363636,0.7536,Alto
RA-1427,1,Topázio,8.425325,0.7529,Alto
RA-1151,4,Topázio,8.749111111066668,0.7518,Alto
RA-1579,4,Ametista,7.894385710733333,0.7487,Alto
RA-1621,5,Topázio,8.107033333366667,0.7439,Alto
RA-239,4,Agata,6.782180868800001,0.7436,Alto
RA-1596,4,Ametista,7.261016666766667,0.7405,Alto
RA-1058,1,Ametista,7.703347619,0.74,Alto
RA-874,1,Ametista,7.0235939394,0.7395,Alto
RA-1440,1,Ametista,7.469102691500001,0.7377,Alto
RA-891,0,Topázio,8.035957575700001,0.7332,Alto
RA-1397,1,Ametista,7.8280333334,0.7302,Alto
RA-326,4,Topázio,8.832389092333335,0.73,Alto
RA-1631,6,Topázio,8.186433333333333,0.7282,Alto
RA-1155,4,Ametista,7.119011111133333,0.728,Alto
RA-1609,5,Ametista,7.577233333233334,0.7278,Alto
RA-280,5,Topázio,8.822714492700001,0.7262,Alto
RA-599,3,Topázio,8.3569352941,0.7249,Alto
RA-52,7,Topázio,8.144466666733333,0.7249,Alto
RA-1195,5,Ametista,7.508514492666667,0.7244,Alto
RA-1002,0,Ametista,7.967866666700001,0.7219,Alto
RA-580,2,Ametista,7.9281521222,0.7213,Alto
RA-279,5,Topázio,9.113133333366669,0.7211,Alto
RA-1150,4,Ametista,7.1023212964,0.72,Alto
RA-490,3,Ametista,7.368084290266667,0.7178,Alto
RA-291,7,Ametista,7.931966666733333,0.7163,Alto
RA-935,0,Topázio,8.3422,0.7161,Alto
RA-1018,1,Ametista,7.7054045454,0.7159,Alto
RA-1176,5,Topázio,8.914816269866666,0.7149,Alto
RA-283,4,Ametista,7.9444309524,0.7142,Alto
RA-768,1,Ametista,7.0345379447,0.7107,Alto
RA-990,1,Ametista,7.812283333400001,0.7102,Alto
RA-1487,2,Topázio,8.0267434782,0.7082,Alto
RA-1484,2,Ametista,7.754200000000001,0.7079,Alto
RA-1024,1,Topázio,8.6516166666,0.7071,Alto
RA-1599,5,Ametista,7.6059333333333345,0.707,Alto
RA-1445,1,Ametista,7.842866666700001,0.7043,Alto
RA-1401,1,Topázio,8.1188277778,0.7029,Alto
RA-939,1,Ametista,7.051379841899999,0.7027,Alto
RA-229,5,Topázio,8.852545634933334,0.7014,Alto
RA-1102,3,Topázio,8.440611904733334,0.7011,Alto
RA-1052,1,Ametista,7.744032575800001,0.7001,Alto
RA-90,7,Topázio,8.352033333333335,0.6996,Alto
RA-1394,1,Ametista,7.503255555500002,0.6988,Alto
RA-1566,4,Ametista,7.759243871133334,0.6987,Alto
RA-628,2,Topázio,8.2366166666,0.6982,Alto
RA-1567,4,Ametista,7.913942087533334,0.6967,Alto
RA-748,1,Topázio,8.2272,0.6959,Alto
RA-245,7,Topázio,8.452633333266668,0.6925,Alto
RA-242,7,Topázio,8.2887,0.692,Alto
RA-193,5,Topázio,8.465046969666668,0.6917,Alto
RA-702,0,Ametista,7.665116666600001,0.6912,Alto
RA-93,7,Topázio,8.275550000066668,0.6908,Alto
RA-508,3,Agata,6.771708625733333,0.6904,Alto
RA-195,5,Topázio,8.4690496032,0.6897,Alto
RA-1403,1,Topázio,8.257421861500001,0.6895,Alto
RA-176,5,Topázio,8.828632575733334,0.6873,Alto
RA-1035,1,Ametista,7.833495454500001,0.6856,Alto
RA-244,5,Topázio,8.7225,0.6849,Alto
RA-186,5,Topázio,8.325963636333334,0.6843,Alto
RA-269,7,Topázio,8.4773,0.6841,Alto
RA-588,3,Topázio,8.676133333333334,0.6835,Alto
RA-277,7,Topázio,8.0689833334,0.6829,Alto
RA-1122,3,Ametista,7.817322222166666,0.6812,Alto
RA-1021,1,Topázio,8.0985863636,0.6799,Alto
RA-175,6,Topázio,8.024136842133334,0.6787,Alto
RA-241,7,Topázio,8.311616666733334,0.6781,Alto
RA-196,5,Topázio,8.823550937933334,0.6716,Alto
RA-1455,2,Agata,6.6442555555,0.6714,Alto
RA-421,4,Topázio,8.488232329,0.6694,Alto
RA-610,3,Ametista,7.894888888933334,0.6674,Alto
RA-1571,4,Ametista,7.2484555556,0.6668,Alto
RA-516,3,Topázio,8.384033333366668,0.6625,Alto
RA-502,2,Topázio,8.5023309524,0.6615,Alto
RA-191,7,Ametista,7.7887,0.6614,Alto
RA-909,0,Ametista,7.722033333300001,0.66,Médio
RA-419,4,Topázio,8.355707894766669,0.6593,Médio
RA-740,1,Topázio,8.1611005269,0.6575,Médio
RA-76,7,Topázio,8.152033333333334,0.6567,Médio
RA-332,4,Topázio,8.421271701,0.6557,Médio
RA-757,1,Ametista,7.938842857200001,0.6551,Médio
RA-1407,1,Ametista,7.546086363600001,0.6544,Médio
RA-237,5,Ametista,7.931384271366667,0.654,Médio
RA-152,5,Agata,6.5837938596,0.6512,Médio
RA-612,2,Topázio,9.1340409091,0.6509,Médio
RA-1096,3,Topázio,9.189883333333334,0.6482,Médio
RA-1040,2,Ametista,7.764199999900001,0.6478,Médio
RA-138,5,Ametista,7.3860274169,0.6447,Médio
RA-184,5,Topázio,8.471456704266666,0.6428,Médio
RA-491,2,Agata,6.995247619100001,0.6427,Médio
RA-796,2,Ametista,7.052457703200001,0.6425,Médio
RA-1133,3,Topázio,8.238553968266668,0.6415,Médio
RA-1201,5,Topázio,8.376195238033333,0.6415,Médio
RA-442,4,Agata,6.905439215666667,0.6414,Médio
RA-513,3,Topázio,8.728632539666668,0.6412,Médio
RA-1457,2,Agata,6.0197761904,0.6406,Médio
RA-365,3,Topázio,8.526983333333334,0.64,Médio
RA-842,1,Ametista,7.072914756400001,0.6375,Médio
RA-780,1,Ametista,7.7430333333,0.6366,Médio
RA-1504,2,Agata,6.057060605999999,0.6343,Médio
RA-1439,1,Topázio,8.507700000000002,0.6312,Médio
RA-1149,4,Topázio,8.1371,0.631,Médio
RA-1029,1,Ametista,7.797790909100001,0.6293,Médio
RA-1572,4,Topázio,8.080345634866667,0.6292,Médio
RA-270,7,Quartzo,4.79255,0.6282,Médio
RA-383,4,Topázio,8.036024386733335,0.6267,Médio
RA-487,3,Topázio,9.4171373016,0.6259,Médio
RA-956,1,Agata,6.1175906455,0.6237,Médio
RA-172,7,Topázio,8.128766666666667,0.623,Médio
RA-313,4,Ametista,7.25285,0.6187,Médio
RA-1398,1,Ametista,7.989700527000001,0.6185,Médio
RA-131,5,Ametista,7.263155555633333,0.6124,Médio
RA-153,7,Quartzo,4.78185,0.6103,Médio
RA-968,1,Ametista,7.8403547619,0.6103,Médio
RA-1513,2,Agata,6.5509171717,0.6102,Médio
RA-347,4,Topázio,8.384742583733333,0.6073,Médio
RA-416,4,Topázio,8.700808577033333,0.6057,Médio
RA-179,4,Topázio,8.932712280733334,0.6054,Médio
RA-1537,3,Topázio,8.176263231333333,0.6048,Médio
RA-246,7,Quartzo,4.7404,0.6048,Médio
RA-91,6,Ametista,7.426704761933335,0.6022,Médio
RA-557,3,Topázio,9.350986466133334,0.6019,Médio
RA-1193,4,Agata,6.6304815790000005,0.6018,Médio
RA-500,3,Topázio,8.077708333333334,0.5988,Médio
RA-1430,1,Ametista,7.864033333300001,0.5985,Médio
RA-1349,0,Ametista,7.855727777800001,0.5977,Médio
RA-1593,4,Agata,6.638525017333334,0.5972,Médio
RA-420,4,Ametista,7.544228947400001,0.5965,Médio
RA-1570,4,Ametista,7.894084175066667,0.5953,Médio
RA-738,1,Ametista,7.2626980238,0.5953,Médio
RA-938,0,Topázio,8.0056026915,0.595,Médio
RA-1139,3,Agata,6.906276357600001,0.5935,Médio
RA-85,5,Agata,6.999509385733333,0.5935,Médio
RA-426,4,Agata,6.6430030186,0.5927,Médio
RA-1587,4,Ametista,7.34055,0.5916,Médio
RA-342,4,Agata,6.757026587266667,0.5912,Médio
RA-729,0,Agata,6.684533333300001,0.5909,Médio
RA-586,3,Topázio,8.702387301666668,0.589,Médio
RA-1166,4,Ametista,7.452799122766667,0.588,Médio
RA-143,7,Ametista,7.449366666666667,0.5879,Médio
RA-1624,6,Ametista,7.743213492066667,0.587,Médio
RA-56,7,Topázio,9.0770201754,0.5863,Médio
RA-1409,1,Ametista,7.863131818100001,0.5858,Médio
RA-1157,3,Ametista,7.916082936533334,0.5837,Médio
RA-1560,4,Topázio,8.4721031746,0.5833,Médio
RA-1576,4,Ametista,7.463620238066667,0.5805,Médio
RA-1399,1,Ametista,7.438578787899999,0.5778,Médio
RA-1502,2,Agata,6.886091025600001,0.5765,Médio
RA-1580,4,Ametista,7.790523996266667,0.5761,Médio
RA-1590,4,Topázio,8.1907875086,0.5753,Médio
RA-1627,6,Ametista,7.481547222200001,0.5752,Médio
RA-1437,1,Ametista,7.982890217400001,0.5749,Médio
RA-1431,1,Ametista,7.9147292443,0.5744,Médio
RA-321,5,Topázio,8.125807932933334,0.5725,Médio
RA-1023,2,Topázio,9.4985809523,0.5721,Médio
RA-1606,5,Quartzo,5.8216796296,0.5702,Médio
RA-1622,5,Topázio,8.429066666633334,0.5681,Médio
RA-1305,0,Agata,6.685221929800001,0.5646,Médio
RA-98,7,Topázio,8.617450000000002,0.563,Médio
RA-1067,1,Ametista,7.840033333300001,0.5595,Médio
RA-756,0,Ametista,7.361700000000001,0.5588,Médio
RA-1419,1,Topázio,8.7536999999,0.5583,Médio
RA-160,5,Agata,6.855108333266668,0.5537,Médio
RA-1461,2,Agata,6.871961904800001,0.5535,Médio
RA-278,5,Topázio,8.907314492800001,0.5521,Médio
RA-1559,4,Agata,6.330428437666668,0.5423,Médio
RA-827,2,Topázio,8.2483467391,0.542,Médio
RA-1443,1,Agata,6.921633333300001,0.5418,Médio
RA-577,2,Agata,6.629159109700001,0.5401,Médio
RA-1121,3,Topázio,8.407166666633334,0.5398,Médio
RA-1422,1,Ametista,7.0132,0.5382,Médio
RA-666,3,Topázio,8.185838802933334,0.5353,Médio
RA-1299,0,Ametista,7.069727777800001,0.5351,Médio
RA-199,4,Ametista,7.419398245666667,0.5335,Médio
RA-1412,1,Topázio,9.2046718615,0.5333,Médio
RA-359,4,Ametista,7.492006349133335,0.5333,Médio
RA-576,2,Topázio,8.93195,0.5316,Médio
RA-769,1,Ametista,7.099342857200002,0.5312,Médio
RA-1184,5,Ametista,7.411701731566668,0.5312,Médio
RA-1396,1,Ametista,7.8477,0.5303,Médio
RA-395,4,Ametista,7.169905291000001,0.5292,Médio
RA-1604,5,Topázio,8.0118555556,0.5275,Médio
RA-1601,5,Ametista,7.2431,0.5244,Médio
RA-1171,4,Ametista,7.6236817459,0.5242,Médio
RA-1523,3,Topázio,8.67371279,0.5241,Médio
RA-1032,1,Topázio,8.01645,0.5239,Médio
RA-1094,3,Topázio,8.0164785714,0.5208,Médio
RA-614,3,Ametista,7.8284999999666685,0.5199,Médio
RA-1578,4,Ametista,7.880605848,0.5192,Médio
RA-119,7,Topázio,8.085299999933333,0.5189,Médio
RA-346,3,Ametista,7.761749603200001,0.5169,Médio
RA-115,5,Quartzo,5.404184695733334,0.5164,Médio
RA-457,4,Topázio,8.5892756038,0.5142,Médio
RA-1558,4,Ametista,7.643772047733333,0.5141,Médio
RA-1378,0,Ametista,7.6703428571,0.512,Médio
RA-466,3,Agata,6.778749122800001,0.5114,Médio
RA-1093,3,Topázio,8.5079027778,0.5113,Médio
RA-1447,1,Ametista,7.5402350878,0.5088,Médio
RA-1469,2,Ametista,7.459755555500001,0.5088,Médio
RA-166,7,Topázio,8.243183333333334,0.5071,Médio
RA-1448,1,Ametista,7.466126406900001,0.5064,Médio
RA-1583,4,Ametista,7.8197579711,0.5055,Médio
RA-1320,0,Ametista,7.8845333333,0.505,Médio
RA-1584,4,Ametista,7.429837830666667,0.5046,Médio
RA-58,7,Topázio,8.7713289474,0.5042,Médio
RA-1411,1,Agata,6.886950000000001,0.5024,Médio
RA-905,0,Agata,6.3925823529,0.5003,Médio
RA-1048,2,Ametista,7.5198666666,0.5002,Médio
RA-1198,5,Agata,6.9217748918,0.4993,Médio
RA-536,3,Ametista,7.7704681818,0.4967,Médio
RA-764,2,Ametista,7.838370289900001,0.4958,Médio
RA-822,1,Quartzo,5.2645678524,0.4942,Médio
RA-1561,4,Ametista,7.940220634933333,0.4927,Médio
RA-646,3,Ametista,7.715491666666668,0.4913,Médio
RA-171,6,Ametista,7.328933333333333,0.4912,Médio
RA-450,4,Ametista,7.526188206666666,0.4909,Médio
RA-1451,1,Ametista,7.560479761900002,0.4907,Médio
RA-926,1,Ametista,7.7830787878,0.4862,Médio
RA-526,3,Ametista,7.843157894833334,0.4854,Médio
RA-1629,6,Ametista,7.560550529133334,0.4822,Médio
RA-1429,1,Topázio,8.041811111100001,0.4809,Médio
RA-784,2,Topázio,8.8857454545,0.4795,Médio
RA-1542,3,Agata,6.0886079922,0.4789,Médio
RA-690,1,Ametista,7.3853681818,0.4749,Médio
RA-1203,6,Topázio,8.9495245614,0.4744,Médio
RA-1414,1,Topázio,8.840007359300001,0.4731,Médio
RA-1516,3,Ametista,7.217066033133334,0.4723,Médio
RA-1410,1,Ametista,7.5319272727,0.471,Médio
RA-1354,0,Ametista,7.353427272700001,0.4701,Médio
RA-1020,1,Topázio,8.9544954545,0.4696,Médio
RA-1408,1,Ametista,7.626768181800001,0.4682,Médio
RA-1574,4,Ametista,7.777244180000001,0.4679,Médio
RA-432,4,Ametista,7.167975,0.4675,Médio
RA-483,2,Agata,6.578604762,0.4672,Médio
RA-955,1,Agata,6.245452381,0.4669,Médio
RA-1531,3,Ametista,7.0491790134,0.4664,Médio
RA-1573,4,Agata,6.743847969266667,0.4641,Médio
RA-1585,4,Agata,6.730367016866668,0.4631,Médio
RA-1137,3,Ametista,7.1837526524666675,0.4623,Médio
RA-1569,4,Quartzo,5.7191555556,0.4616,Médio
RA-1084,3,Agata,6.9071109649333335,0.4613,Médio
RA-912,0,Ametista,7.697103508700001,0.4594,Médio
RA-1119,3,Ametista,7.388266666666667,0.4591,Médio
RA-125,6,Agata,6.627079761933334,0.4588,Médio
RA-103,5,Topázio,8.775268254,0.4577,Médio
RA-116,5,Agata,6.337470707133334,0.4567,Médio
RA-618,3,Agata,6.718348148233334,0.4565,Médio
RA-743,1,Ametista,7.655745454500001,0.4564,Médio
RA-1420,1,Quartzo,5.6558,0.4546,Médio
RA-787,0,Ametista,7.73495,0.4542,Médio
RA-750,1,Quartzo,4.542230369,0.4541,Médio
RA-1554,3,Agata,6.941692592633334,0.4528,Médio
RA-1592,4,Agata,6.812545479666667,0.4525,Médio
RA-1464,2,Ametista,7.288424359,0.4524,Médio
RA-1468,2,Topázio,8.1281028822,0.4521,Médio
RA-1459,2,Agata,6.665390476100001,0.4505,Médio
RA-1143,3,Quartzo,5.881225668333334,0.4491,Médio
RA-663,2,Agata,6.696419461700001,0.4483,Médio
RA-1519,3,Ametista,7.210222117800001,0.4461,Médio
RA-664,2,Ametista,7.5017244089,0.4424,Médio
RA-721,2,Topázio,8.8986026915,0.4416,Médio
RA-816,2,Topázio,8.929745454599999,0.4394,Médio
RA-456,3,Topázio,8.331124561366668,0.439,Médio
RA-397,4,Agata,6.807291921866668,0.439,Médio
RA-688,2,Topázio,8.986533333300002,0.4387,Médio
RA-963,1,Topázio,8.375080952400001,0.4373,Médio
RA-187,4,Topázio,8.568424074066666,0.4368,Médio
RA-1536,3,Ametista,7.653744444466668,0.4364,Médio
RA-1075,2,Agata,6.8100812324,0.435,Médio
RA-303,4,Agata,6.2443426900666665,0.4345,Médio
RA-563,3,Topázio,8.595447619066668,0.4341,Médio
RA-338,4,Topázio,8.052795331466667,0.4333,Médio
RA-299,5,Topázio,8.177186956533333,0.4318,Médio
RA-530,3,Ametista,7.214534419433333,0.4303,Médio
RA-1117,3,Ametista,7.601562962866668,0.4294,Médio
RA-747,1,Quartzo,5.8450809523,0.4288,Médio
RA-249,4,Agata,6.125104328999999,0.4285,Médio
RA-1515,2,Quartzo,5.832133333300001,0.4283,Médio
RA-202,5,Ametista,7.3512154762,0.4274,Médio
RA-1616,5,Ametista,7.147738235266668,0.4268,Médio
RA-217,5,Ametista,7.4209164502,0.4261,Médio
RA-1597,4,Agata,6.7187063492,0.4258,Médio
RA-192,5,Agata,6.882960606066668,0.4256,Médio
RA-637,2,Ametista,7.6853212122,0.4253,Médio
RA-425,4,Topázio,9.0166166667,0.4251,Médio
RA-785,2,Topázio,9.1548666666,0.4249,Médio
RA-1452,2,Topázio,8.6268666667,0.4236,Médio
RA-781,2,Topázio,8.496283333400001,0.4227,Médio
RA-788,2,Ametista,7.9221068268,0.4226,Médio
RA-1510,2,Topázio,9.4647454544,0.4194,Médio
RA-916,0,Quartzo,5.5058531621,0.4194,Médio
RA-149,5,Quartzo,5.7316173854,0.4193,Médio
RA-1612,5,Ametista,7.014528571366666,0.4189,Médio
RA-1568,4,Ametista,7.8003261438,0.4186,Médio
RA-45,7,Topázio,8.743476190400001,0.4177,Médio
RA-539,3,Topázio,8.465533333333335,0.4176,Médio
RA-1415,1,Ametista,7.3712454546,0.4164,Médio
RA-1114,3,Ametista,7.437466666666667,0.4156,Médio
RA-1140,2,Ametista,7.3473880383,0.4149,Médio
RA-1081,4,Topázio,8.5452952381,0.413,Médio
RA-1463,2,Topázio,9.074561111,0.4129,Médio
RA-170,4,Ametista,7.646383333300001,0.4107,Médio
RA-995,1,Quartzo,5.110372077899999,0.4107,Médio
RA-1127,3,Topázio,8.180966666666668,0.4079,Médio
RA-570,2,Agata,6.8133640787,0.4071,Médio
RA-250,4,Topázio,9.049892592566668,0.4071,Médio
RA-1577,4,Agata,6.305585581933334,0.4062,Médio
RA-1355,0,Ametista,7.202245454500001,0.4057,Médio
RA-164,5,Agata,6.837125731066667,0.4057,Médio
RA-1466,2,Topázio,8.213723809600001,0.4022,Médio
RA-315,4,Agata,6.0768703704,0.4016,Médio
RA-1603,5,Ametista,7.836518518466668,0.4009,Médio
RA-137,5,Agata,6.576761183366667,0.4007,Médio
RA-325,3,Topázio,8.385133333233336,0.4001,Médio
RA-1485,2,Agata,6.7386875776999995,0.3977,Médio
RA-464,3,Agata,6.872009064333334,0.3968,Médio
RA-911,1,Quartzo,5.4552454547,0.3966,Médio
RA-602,3,Topázio,8.647409313733334,0.3961,Médio
RA-1424,1,Ametista,7.5543388889,0.3961,Médio
RA-1503,2,Agata,6.991699999900001,0.3958,Médio
RA-454,4,Quartzo,5.8522943469666675,0.3956,Médio
RA-1630,6,Topázio,8.583133333333334,0.3949,Médio
RA-642,3,Ametista,7.082591269866667,0.3949,Médio
RA-339,4,Ametista,7.711540746133334,0.3941,Médio
RA-1575,4,Ametista,7.318459391466667,0.3939,Médio
RA-632,3,Ametista,7.515491249000001,0.3935,Médio
RA-1163,4,Topázio,8.6794789474,0.3929,Médio
RA-719,1,Ametista,7.1193969697,0.3912,Médio
RA-1371,0,Agata,6.4843521739,0.3911,Médio
RA-197,5,Topázio,8.568238636333334,0.3901,Médio
RA-42,6,Ametista,7.656628769866667,0.3897,Médio
RA-121,5,Ametista,7.476158297266668,0.389,Médio
RA-1170,3,Agata,6.095440873,0.3885,Médio
RA-111,5,Topázio,8.667693939400001,0.3865,Médio
RA-1591,4,Agata,6.1707952862,0.3863,Médio
RA-861,0,Topázio,8.959700000000002,0.3842,Médio
RA-64,7,Topázio,8.743607059266667,0.3842,Médio
RA-1491,2,Ametista,7.5072,0.3839,Médio
RA-1061,2,Topázio,8.76595,0.3838,Médio
RA-840,1,Topázio,8.5912909091,0.3828,Médio
RA-965,0,Agata,6.1376545455,0.3813,Médio
RA-658,3,Ametista,7.507033333333333,0.3796,Médio
RA-267,5,Quartzo,5.8963067819666675,0.379,Médio
RA-1521,3,Quartzo,5.065788844333333,0.3782,Médio
RA-830,1,Ametista,7.1373428571,0.3778,Médio
RA-1551,3,Quartzo,5.9717087542,0.3775,Médio
RA-680,2,Quartzo,4.9800714287000005,0.3765,Médio
RA-535,3,Ametista,7.659555952400001,0.3754,Médio
RA-1065,2,Topázio,8.8634934783,0.3743,Médio
RA-1064,2,Topázio,8.9802350877,0.3741,Médio
RA-665,2,Quartzo,5.698703030200001,0.3739,Médio
RA-581,2,Ametista,7.0833015528,0.3724,Médio
RA-808,1,Topázio,8.7897,0.3709,Médio
RA-1660,9,,,0.3706,Médio
RA-1252,9,,,0.3706,Médio
RA-1267,9,,,0.3706,Médio
RA-1238,9,,,0.3706,Médio
RA-1655,9,,,0.3706,Médio
RA-1233,9,,,0.3706,Médio
RA-1652,9,,,0.3706,Médio
RA-1237,9,,,0.3706,Médio
RA-1647,9,,,0.3706,Médio
RA-1266,9,,,0.3706,Médio
RA-1640,9,,,0.3706,Médio
RA-1638,9,,,0.3706,Médio
RA-1661,9,,,0.3706,Médio
RA-1480,2,Ametista,7.09445,0.3701,Médio
RA-964,1,Ametista,7.548241666600001,0.37,Médio
RA-1210,6,Topázio,8.2302,0.3679,Médio
RA-1563,4,Ametista,7.604211111133335,0.3676,Médio
RA-367,4,Ametista,7.209434085200001,0.3659,Médio
RA-494,3,Ametista,7.922281328333334,0.3655,Médio
RA-1059,2,Topázio,8.678450000000002,0.363,Médio
RA-1467,2,Topázio,8.836711278200001,0.3622,Médio
RA-773,0,Agata,6.566200000000001,0.3621,Médio
RA-1600,5,Agata,6.750618518533334,0.3599,Médio
RA-1586,4,Agata,6.555764327466668,0.3597,Médio
RA-318,5,Ametista,7.025000925866668,0.3595,Médio
RA-1229,7,Quartzo,4.8238,0.359,Médio
RA-837,2,Ametista,7.9648467391,0.3581,Médio
RA-1402,1,Topázio,8.588040909100002,0.3577,Médio
RA-794,1,Ametista,7.145652380900001,0.3573,Médio
RA-251,5,Agata,6.7135006212,0.3572,Médio
RA-700,1,Ametista,7.005745454500001,0.357,Médio
RA-1036,2,Topázio,8.2841303831,0.3567,Médio
RA-741,1,Quartzo,5.0795885374,0.356,Médio
RA-1172,5,Quartzo,5.719565079333334,0.3555,Médio
RA-86,7,Ametista,7.611233333266666,0.3554,Médio
RA-1533,3,Topázio,9.089828985533336,0.3553,Médio
RA-1538,3,Ametista,7.9631703704333345,0.3548,Médio
RA-1520,3,Ametista,7.0026462121333335,0.3539,Médio
RA-1620,5,Agata,6.652766666666667,0.3528,Médio
RA-1444,1,Agata,6.610588888900001,0.3526,Médio
RA-1462,2,Ametista,7.6243666666,0.3526,Médio
RA-1055,1,Agata,6.403040909100001,0.3525,Médio
RA-94,6,Topázio,8.637033333333335,0.3518,Médio
RA-762,2,Quartzo,5.9677326087,0.3508,Médio
RA-1613,5,Agata,6.085471428700001,0.3505,Médio
RA-919,0,Quartzo,5.799702673800001,0.3497,Médio
RA-1589,4,Quartzo,5.260851851866667,0.3496,Médio
RA-376,3,Quartzo,5.896573588800001,0.3479,Médio
RA-531,3,Ametista,7.912792647066667,0.3473,Médio
RA-707,2,Agata,6.4975618421000005,0.3457,Médio
RA-1200,5,Quartzo,5.6415838956,0.3452,Médio
RA-1142,3,Topázio,8.390566666666668,0.3445,Médio
RA-360,3,Agata,6.293175689166667,0.3432,Médio
RA-1511,2,Topázio,8.9217077641,0.3421,Médio
RA-587,1,Agata,6.817057142900001,0.3409,Médio
RA-1388,0,Ametista,7.015057142799999,0.3409,Médio
RA-1156,4,Agata,6.6777135642,0.3404,Médio
RA-1068,2,Topázio,9.0150030303,0.3403,Médio
RA-1214,7,Topázio,8.5902971362,0.3401,Médio
RA-262,4,Quartzo,5.806145462066667,0.3399,Médio
RA-623,3,Agata,6.357733333300001,0.3382,Médio
RA-1227,7,Quartzo,4.8446,0.3364,Médio
RA-897,0,Quartzo,5.2212050505,0.3351,Médio
RA-1562,4,Quartzo,5.458833333333334,0.3349,Médio
RA-978,0,Ametista,7.4637,0.3346,Médio
RA-1072,3,Ametista,7.8153856754,0.3344,Médio
RA-57,7,Ametista,7.4193804302,0.3337,Médio
RA-1449,1,Ametista,7.214341666700001,0.3334,Médio
RA-782,1,Topázio,8.1896285714,0.3319,Médio
RA-1514,2,Ametista,7.520576262600001,0.3313,Médio
RA-696,2,Ametista,7.482680952299999,0.3312,Médio
RA-834,2,Topázio,8.513646169700001,0.3311,Médio
RA-792,1,Agata,6.036012253,0.3304,Médio
RA-1228,7,Quartzo,4.8761,0.3288,Baixo
RA-1416,1,Ametista,7.375503030400001,0.3283,Baixo
RA-1471,2,Ametista,7.404455434800001,0.3282,Baixo
RA-1069,2,Ametista,7.678917391300001,0.3282,Baixo
RA-357,3,Ametista,7.731569404200001,0.3276,Baixo
RA-709,1,Agata,6.833780895800001,0.3276,Baixo
RA-645,2,Ametista,7.502239394,0.3275,Baixo
RA-352,4,Quartzo,5.9794829346,0.3273,Baixo
RA-790,2,Agata,6.8089355072,0.3273,Baixo
RA-1470,2,Quartzo,5.967421532000001,0.3256,Baixo
RA-1070,1,Agata,6.287171861500001,0.3247,Baixo
RA-1645,9,,,0.3234,Baixo
RA-1258,9,,,0.3234,Baixo
RA-1644,9,,,0.3234,Baixo
RA-1642,9,,,0.3234,Baixo
RA-1231,9,,,0.3234,Baixo
RA-1232,9,,,0.3234,Baixo
RA-1649,9,,,0.3234,Baixo
RA-1651,9,,,0.3234,Baixo
RA-1641,9,,,0.3234,Baixo
RA-1643,9,,,0.3234,Baixo
RA-1656,9,,,0.3234,Baixo
RA-1654,9,,,0.3234,Baixo
RA-1653,9,,,0.3234,Baixo
RA-1235,9,,,0.3234,Baixo
RA-1637,9,,,0.3234,Baixo
RA-1268,9,,,0.3234,Baixo
RA-1648,9,,,0.3234,Baixo
RA-1646,9,,,0.3234,Baixo
RA-1260,9,,,0.3234,Baixo
RA-1639,9,,,0.3234,Baixo
RA-1254,9,,,0.3234,Baixo
RA-1650,9,,,0.3234,Baixo
RA-1657,9,,,0.3234,Baixo
RA-1659,9,,,0.3234,Baixo
RA-1658,9,,,0.3234,Baixo
RA-878,1,Agata,6.5335560606000005,0.3233,Baixo
RA-704,1,Agata,6.8121156785000005,0.3228,Baixo
RA-1017,2,Ametista,7.345521428500001,0.3223,Baixo
RA-499,2,Ametista,7.5794738095,0.3218,Baixo
RA-977,0,Ametista,7.188033333300001,0.3218,Baixo
RA-1605,5,Quartzo,4.920488888866667,0.3201,Baixo
RA-1499,2,Ametista,7.914800000000001,0.3201,Baixo
RA-1594,4,Quartzo,5.731267287800001,0.318,Baixo
RA-518,3,Agata,6.3467483709,0.3175,Baixo
RA-714,2,Quartzo,5.4653662008,0.3174,Baixo
RA-1476,2,Topázio,8.80795,0.3163,Baixo
RA-754,0,Quartzo,5.6127,0.3161,Baixo
RA-1230,7,Quartzo,4.7612000000000005,0.316,Baixo
RA-480,2,Ametista,7.260202380900001,0.314,Baixo
RA-1008,0,Agata,6.8667414438000005,0.3129,Baixo
RA-147,5,Ametista,7.400477922133334,0.3124,Baixo
RA-591,2,Agata,6.8360336957,0.3117,Baixo
RA-855,2,Topázio,8.578533333400001,0.3113,Baixo
RA-777,2,Ametista,7.563515408100001,0.3104,Baixo
RA-273,4,Agata,6.5991307798,0.3102,Baixo
RA-161,5,Ametista,7.258445588333334,0.3092,Baixo
RA-806,1,Agata,6.972777380900001,0.3089,Baixo
RA-80,7,Topázio,8.131659175733333,0.3082,Baixo
RA-381,3,Quartzo,5.940775,0.3081,Baixo
RA-1526,3,Ametista,7.9798,0.3067,Baixo
RA-1425,1,Agata,6.8290988095000005,0.3059,Baixo
RA-1405,1,Topázio,8.4749727273,0.3058,Baixo
RA-991,1,Ametista,7.057230303000001,0.3051,Baixo
RA-127,5,Topázio,8.5605939394,0.304,Baixo
RA-853,1,Ametista,7.986866666600001,0.3036,Baixo
RA-1006,0,Ametista,7.040088888900001,0.3035,Baixo
RA-1089,3,Ametista,7.6221531746,0.3034,Baixo
RA-1456,2,Topázio,8.492914285800001,0.3033,Baixo
RA-1581,4,Agata,6.9787022855,0.3022,Baixo
RA-807,1,Ametista,7.797628571400001,0.3017,Baixo
RA-1454,2,Ametista,7.7042238095,0.3013,Baixo
RA-797,2,Agata,6.597315151500001,0.301,Baixo
RA-1611,5,Agata,6.4589186218000005,0.3008,Baixo
RA-467,4,Ametista,7.729811842133333,0.3006,Baixo
RA-1532,3,Quartzo,4.548544781066667,0.3,Baixo
RA-1146,3,Quartzo,5.3933086048000005,0.2999,Baixo
RA-1306,0,Topázio,8.503033333400001,0.2997,Baixo
RA-1524,3,Quartzo,5.5473805555333335,0.2983,Baixo
RA-1012,0,Topázio,8.057128571400002,0.2979,Baixo
RA-1226,7,Ametista,7.785233333333334,0.2975,Baixo
RA-946,0,Agata,6.677723809500001,0.2972,Baixo
RA-1336,0,Ametista,7.141365631500001,0.297,Baixo
RA-981,0,Agata,6.6513739130000005,0.2965,Baixo
RA-1512,2,Topázio,8.10445,0.2964,Baixo
RA-181,5,Ametista,7.439841414133334,0.2963,Baixo
RA-687,2,Topázio,8.2739844611,0.2963,Baixo
RA-858,0,Agata,6.917866666700001,0.2959,Baixo
RA-48,7,Topázio,8.402390371800001,0.2932,Baixo
RA-974,0,Ametista,7.6077217391,0.2932,Baixo
RA-888,0,Topázio,8.1942,0.2929,Baixo
RA-1312,0,Ametista,7.510200000000001,0.2923,Baixo
RA-921,0,Ametista,7.2838203209,0.2914,Baixo
RA-1097,3,Quartzo,5.475324895633334,0.2913,Baixo
RA-889,0,Topázio,8.191290909100001,0.2905,Baixo
RA-1328,0,Topázio,8.0588666667,0.2892,Baixo
RA-925,0,Agata,6.587019518800001,0.2887,Baixo
RA-893,1,Topázio,8.8910333334,0.2884,Baixo
RA-710,2,Ametista,7.0366241342,0.2876,Baixo
RA-260,4,Topázio,8.448920634933334,0.2872,Baixo
RA-549,2,Agata,6.5398187888,0.2863,Baixo
RA-1373,0,Ametista,7.577286956500001,0.2862,Baixo
RA-1623,6,Ametista,7.7609537037333345,0.2857,Baixo
RA-801,1,Agata,6.6752,0.2852,Baixo
RA-308,5,Ametista,7.489282456133334,0.2843,Baixo
RA-1490,2,Ametista,7.3725768116,0.2834,Baixo
RA-1492,2,Topázio,8.479020512900002,0.2833,Baixo
RA-474,3,Agata,6.024753703733333,0.2832,Baixo
RA-568,3,Quartzo,5.545864285733334,0.2829,Baixo
RA-1292,0,Agata,6.9031621211,0.2825,Baixo
RA-1337,0,Agata,6.015144444400001,0.2824,Baixo
RA-1173,5,Topázio,8.220132915666667,0.2813,Baixo
RA-132,6,Topázio,8.4746321428,0.2807,Baixo
RA-951,0,Agata,6.4483428571,0.2804,Baixo
RA-417,4,Topázio,8.533628557533333,0.2804,Baixo
RA-770,0,Ametista,7.3057112782,0.2794,Baixo
RA-1508,2,Topázio,8.1804207793,0.2794,Baixo
RA-113,5,Ametista,7.043536903066667,0.2793,Baixo
RA-320,5,Topázio,8.442258333333335,0.2783,Baixo
RA-731,2,Quartzo,4.7704873377000006,0.2779,Baixo
RA-904,0,Ametista,7.6352,0.2778,Baixo
RA-1384,0,Agata,6.221984461100001,0.2777,Baixo
RA-1481,2,Agata,6.860721739100001,0.2776,Baixo
RA-1421,1,Ametista,7.126922222200001,0.2766,Baixo
RA-1374,0,Ametista,7.3707652174,0.2762,Baixo
RA-862,0,Ametista,7.346677272700001,0.2747,Baixo
RA-1296,0,Ametista,7.0574222223000005,0.2743,Baixo
RA-727,1,Topázio,8.447003030300001,0.2742,Baixo
RA-895,0,Topázio,8.2579575757,0.2738,Baixo
RA-1030,2,Ametista,7.740191604,0.2735,Baixo
RA-973,0,Agata,6.9318363636,0.2728,Baixo
RA-975,0,Ametista,7.1463666667000005,0.2727,Baixo
RA-1610,5,Agata,6.7023729275666675,0.2726,Baixo
RA-1300,0,Ametista,7.623866666600001,0.2711,Baixo
RA-1027,2,Topázio,8.220866666700001,0.2702,Baixo
RA-110,5,Topázio,8.6324939394,0.2688,Baixo
RA-1220,6,Ametista,7.143244444466667,0.2682,Baixo
RA-686,2,Topázio,8.040259523700001,0.2677,Baixo
RA-604,3,Ametista,7.429623555266667,0.2676,Baixo
RA-1543,3,Agata,6.754584615400001,0.2658,Baixo
RA-924,0,Agata,6.4727360962,0.2657,Baixo
RA-778,2,Topázio,8.0754139589,0.2647,Baixo
RA-316,5,Topázio,8.708925,0.2642,Baixo
RA-1626,6,Topázio,8.541085606066668,0.2621,Baixo
RA-1188,5,Ametista,7.801633333400001,0.2612,Baixo
RA-705,1,Quartzo,5.294247619100001,0.2607,Baixo
RA-798,2,Quartzo,4.6743653679,0.2607,Baixo
RA-730,2,Topázio,8.469255555700002,0.2604,Baixo
RA-1318,0,Agata,6.823383155100001,0.2603,Baixo
RA-1549,3,Agata,6.514862200466668,0.2603,Baixo
RA-698,2,Ametista,7.3363190476,0.2597,Baixo
RA-1436,1,Ametista,7.589914648100001,0.2596,Baixo
RA-1442,1,Ametista,7.135189648100001,0.2588,Baixo
RA-286,5,Quartzo,5.123180882333333,0.2581,Baixo
RA-1147,3,Quartzo,5.833118518533334,0.2571,Baixo
RA-458,3,Quartzo,5.680161507933333,0.2564,Baixo
RA-1498,2,Ametista,7.147881818200001,0.2561,Baixo
RA-411,4,Ametista,7.279762962966667,0.2561,Baixo
RA-1317,0,Ametista,7.665638502700001,0.2559,Baixo
RA-607,2,Ametista,7.6486021739,0.255,Baixo
RA-1529,3,Agata,6.710079487200001,0.2547,Baixo
RA-885,0,Topázio,8.2072,0.2544,Baixo
RA-1304,0,Ametista,7.085119934500001,0.2539,Baixo
RA-1376,0,Topázio,8.2742769231,0.2538,Baixo
RA-745,2,Topázio,8.6102,0.2529,Baixo
RA-867,0,Ametista,7.583018181800001,0.2522,Baixo
RA-422,3,Quartzo,5.544981481433334,0.2521,Baixo
RA-1534,3,Ametista,7.188366666666667,0.2513,Baixo
RA-407,4,Ametista,7.0875128168,0.2505,Baixo
RA-1540,3,Quartzo,5.696233333333334,0.2502,Baixo
RA-558,3,Quartzo,5.048054503133334,0.2494,Baixo
RA-1333,0,Topázio,8.213199999999999,0.2458,Baixo
RA-746,2,Ametista,7.903311111100001,0.2457,Baixo
RA-886,0,Topázio,8.419200000000002,0.2449,Baixo
RA-204,4,Ametista,7.838218894866668,0.2449,Baixo
RA-1614,5,Agata,6.787898989933334,0.2441,Baixo
RA-752,2,Agata,6.57279265,0.2437,Baixo
RA-1111,3,Agata,6.116032815733334,0.2436,Baixo
RA-493,3,Ametista,7.464325,0.2435,Baixo
RA-624,2,Ametista,7.229425672900001,0.2432,Baixo
RA-1077,3,Quartzo,5.543865740733334,0.2431,Baixo
RA-183,4,Topázio,8.266902371533334,0.2429,Baixo
RA-929,0,Ametista,7.7244368421,0.2421,Baixo
RA-271,5,Ametista,7.400633333333334,0.2421,Baixo
RA-1489,2,Quartzo,5.9842289855000015,0.2414,Baixo
RA-774,0,Quartzo,5.685771428600001,0.2408,Baixo
RA-1564,4,Quartzo,5.0761468806000005,0.2407,Baixo
RA-1319,0,Ametista,7.201526797300001,0.2392,Baixo
RA-123,6,Agata,6.887248015866668,0.2386,Baixo
RA-247,4,Agata,6.646485739800001,0.2383,Baixo
RA-1497,2,Quartzo,5.2423787879,0.2378,Baixo
RA-1103,2,Ametista,7.861995031000001,0.2369,Baixo
RA-1357,0,Ametista,7.1807,0.2368,Baixo
RA-931,0,Ametista,7.075466666700001,0.2368,Baixo
RA-112,6,Topázio,8.052609920666667,0.2359,Baixo
RA-189,5,Topázio,8.586533333333334,0.2356,Baixo
RA-1287,0,Ametista,7.619650310500001,0.2354,Baixo
RA-1281,0,Ametista,7.982890909100001,0.2352,Baixo
RA-771,0,Agata,6.066009523800001,0.2347,Baixo
RA-763,1,Agata,6.984760606,0.2344,Baixo
RA-35,8,,,0.2342,Baixo
RA-444,3,Quartzo,5.410188638266668,0.2342,Baixo
RA-937,0,Topázio,8.3792,0.2342,Baixo
RA-31,8,,,0.2342,Baixo
RA-737,2,Topázio,8.4695488613,0.2338,Baixo
RA-851,1,Agata,6.2114602109,0.2336,Baixo
RA-1517,3,Agata,6.240744444466667,0.2335,Baixo
RA-1458,2,Quartzo,5.879073684200001,0.2333,Baixo
RA-639,3,Quartzo,5.7693807644,0.231,Baixo
RA-669,3,Agata,6.6438703703,0.2297,Baixo
RA-472,2,Agata,6.6397610766,0.2294,Baixo
RA-1071,2,Quartzo,4.8048623378,0.2293,Baixo
RA-78,7,Topázio,8.1780308688,0.2279,Baixo
RA-305,4,Agata,6.693026811600001,0.2279,Baixo
RA-38,8,,,0.2277,Baixo
RA-384,4,Topázio,8.072200721466668,0.2276,Baixo
RA-1316,0,Ametista,7.59291123,0.2267,Baixo
RA-1014,0,Agata,6.315972727300001,0.2261,Baixo
RA-1282,0,Ametista,7.8769272727000015,0.2254,Baixo
RA-652,2,Ametista,7.361896969700001,0.2254,Baixo
RA-1619,5,Ametista,7.393951851866667,0.2253,Baixo
RA-930,0,Ametista,7.9298184211,0.2242,Baixo
RA-884,0,Topázio,8.0345030302,0.2241,Baixo
RA-1293,0,Topázio,8.005023232300001,0.2238,Baixo
RA-36,8,,,0.2237,Baixo
RA-1271,8,,,0.2237,Baixo
RA-1274,8,,,0.2237,Baixo
RA-1263,8,,,0.2237,Baixo
RA-1270,8,,,0.2237,Baixo
RA-2,8,,,0.2237,Baixo
RA-25,8,,,0.2237,Baixo
RA-1239,8,,,0.2237,Baixo
RA-1269,8,,,0.2237,Baixo
RA-1,8,,,0.2237,Baixo
RA-49,8,,,0.2237,Baixo
RA-1272,8,,,0.2237,Baixo
RA-1225,8,,,0.2237,Baixo
RA-12,8,,,0.2237,Baixo
RA-6,8,,,0.2237,Baixo
RA-1352,0,Topázio,8.289950000000001,0.2235,Baixo
RA-805,1,Agata,6.9375869048,0.2233,Baixo
RA-211,5,Topázio,8.283601875933334,0.2227,Baixo
RA-1082,2,Agata,6.6114857142,0.2225,Baixo
RA-1216,8,,,0.2216,Baixo
RA-19,8,,,0.2216,Baixo
RA-969,0,Ametista,7.453427272700001,0.2214,Baixo
RA-377,4,Ametista,7.480115873000001,0.2208,Baixo
RA-629,2,Topázio,8.061295238200001,0.2204,Baixo
RA-908,0,Agata,6.764292246,0.2204,Baixo
RA-643,2,Agata,6.402239075100001,0.2203,Baixo
RA-497,2,Quartzo,4.4960809524,0.2203,Baixo
RA-388,4,Quartzo,5.965307936466667,0.2198,Baixo
RA-1279,0,Topázio,8.0822,0.2197,Baixo
RA-950,0,Ametista,7.693461904800001,0.2192,Baixo
RA-1366,0,Agata,6.919852173900001,0.2191,Baixo
RA-1009,0,Agata,6.395389393900001,0.2186,Baixo
RA-455,3,Ametista,7.098988888900001,0.218,Baixo
RA-1244,8,,,0.218,Baixo
RA-1253,8,,,0.218,Baixo
RA-1264,8,,,0.218,Baixo
RA-1634,8,,,0.218,Baixo
RA-1246,8,,,0.218,Baixo
RA-1242,8,,,0.218,Baixo
RA-1236,8,,,0.218,Baixo
RA-1234,8,,,0.218,Baixo
RA-1251,8,,,0.218,Baixo
RA-1636,8,,,0.218,Baixo
RA-1241,8,,,0.218,Baixo
RA-1262,8,,,0.218,Baixo
RA-1635,8,,,0.218,Baixo
RA-1261,8,,,0.218,Baixo
RA-1259,8,,,0.218,Baixo
RA-1256,8,,,0.218,Baixo
RA-653,3,Topázio,8.103217647033333,0.2178,Baixo
RA-39,8,,,0.2175,Baixo
RA-1100,3,Agata,6.649708333333334,0.2171,Baixo
RA-1334,0,Topázio,8.350200000000001,0.2157,Baixo
RA-1273,8,,,0.2156,Baixo
RA-107,5,Agata,6.676130827066667,0.2152,Baixo
RA-941,0,Ametista,7.746700000000001,0.2148,Baixo
RA-1003,0,Ametista,7.627588888900001,0.214,Baixo
RA-522,2,Topázio,8.6777119048,0.2138,Baixo
RA-62,8,,,0.2135,Baixo
RA-304,3,Agata,6.852411484600001,0.2131,Baixo
RA-868,0,Ametista,7.156366666600001,0.2127,Baixo
RA-725,0,Ametista,7.0900771929,0.2127,Baixo
RA-1544,3,Agata,6.905568627466667,0.2119,Baixo
RA-918,0,Quartzo,5.657357017600001,0.2115,Baixo
RA-529,2,Quartzo,5.2661285715,0.2104,Baixo
RA-445,3,Ametista,7.3416246032,0.2103,Baixo
RA-712,2,Agata,6.2236373706000006,0.2102,Baixo
RA-1555,3,Ametista,7.4827333334,0.2095,Baixo
RA-1278,0,Quartzo,5.444199999900001,0.2094,Baixo
RA-1290,0,Topázio,8.407200000000001,0.2092,Baixo
RA-1365,0,Ametista,7.3700333333,0.2085,Baixo
RA-424,4,Ametista,7.341187280733334,0.2082,Baixo
RA-1507,2,Quartzo,5.046077056300001,0.2075,Baixo
RA-841,2,Agata,6.035771224300001,0.207,Baixo
RA-799,2,Ametista,7.702648484900001,0.2068,Baixo
RA-934,0,Topázio,8.338700000000001,0.2067,Baixo
RA-1527,3,Topázio,8.631675000000001,0.2064,Baixo
RA-331,3,Agata,6.231045707066668,0.2053,Baixo
RA-958,1,Topázio,9.531325,0.2046,Baixo
RA-1160,3,Agata,6.274190982333334,0.2045,Baixo
RA-959,0,Topázio,8.379818421100001,0.2044,Baixo
RA-1280,0,Topázio,8.152624242500002,0.2043,Baixo
RA-880,0,Agata,6.853080434800001,0.203,Baixo
RA-1607,5,Quartzo,4.899894444466667,0.2029,Baixo
RA-1324,0,Topázio,8.332450000000001,0.2029,Baixo
RA-863,0,Quartzo,4.6684348484,0.2027,Baixo
RA-1547,3,Agata,6.748480626800001,0.2027,Baixo
RA-17,8,,,0.2026,Baixo
RA-26,8,,,0.2026,Baixo
RA-1632,6,Topázio,8.389333333333335,0.2023,Baixo
RA-1116,3,Quartzo,3.7894777778,0.2022,Baixo
RA-1136,3,Quartzo,5.458179831866667,0.2016,Baixo
RA-832,2,Topázio,8.2403304348,0.2013,Baixo
RA-1506,2,Ametista,7.151855844200001,0.2012,Baixo
RA-920,0,Ametista,7.7494938597,0.2005,Baixo
RA-1348,0,Ametista,7.9604662539,0.1999,Baixo
RA-1106,3,Quartzo,5.936272086266667,0.1998,Baixo
RA-776,1,Quartzo,5.178509523800001,0.1996,Baixo
RA-1063,2,Ametista,7.279250000000001,0.1988,Baixo
RA-1618,5,Ametista,7.0487660130666665,0.1984,Baixo
RA-649,3,Agata,6.985329691766667,0.1981,Baixo
RA-945,0,Ametista,7.4195809524,0.1975,Baixo
RA-994,0,Ametista,7.7982217391,0.1972,Baixo
RA-1221,8,,,0.1961,Baixo
RA-571,2,Agata,6.2964554347999995,0.1958,Baixo
RA-1553,3,Ametista,7.641184313700001,0.1956,Baixo
RA-672,1,Quartzo,4.2118138341,0.1955,Baixo
RA-1501,2,Topázio,8.04495,0.1953,Baixo
RA-833,2,Topázio,8.5184577641,0.195,Baixo
RA-584,3,Agata,6.752914393933334,0.1933,Baixo
RA-59,8,,,0.1933,Baixo
RA-7,8,,,0.1932,Baixo
RA-29,8,,,0.1932,Baixo
RA-21,8,,,0.1932,Baixo
RA-23,8,,,0.1932,Baixo
RA-14,8,,,0.1932,Baixo
RA-13,8,,,0.1932,Baixo
RA-1250,8,,,0.1932,Baixo
RA-88,8,,,0.1932,Baixo
RA-949,0,Ametista,7.1323428571,0.1928,Baixo
RA-336,4,Agata,6.834286748466667,0.1928,Baixo
RA-907,0,Ametista,7.9400888889,0.1924,Baixo
RA-1496,2,Agata,6.7799738095,0.1921,Baixo
RA-1177,5,Topázio,8.3233039474,0.1916,Baixo
RA-681,1,Agata,6.0398818182000005,0.191,Baixo
RA-1131,3,Topázio,8.2889555555,0.1909,Baixo
RA-927,1,Ametista,7.9921696969,0.1903,Baixo
RA-392,4,Quartzo,4.3639463364,0.1901,Baixo
RA-1518,3,Quartzo,5.721382142866666,0.1901,Baixo
RA-1189,5,Ametista,7.6486387164,0.1897,Baixo
RA-1162,4,Ametista,7.473167836266667,0.1894,Baixo
RA-1013,0,Quartzo,5.7839559808,0.1893,Baixo
RA-952,1,Topázio,8.853624242300002,0.189,Baixo
RA-1505,2,Agata,6.7199171717,0.1889,Baixo
RA-81,6,Topázio,8.256566666666668,0.1886,Baixo
RA-1475,2,Ametista,7.413901754400001,0.1884,Baixo
RA-1224,8,,,0.1882,Baixo
RA-1633,8,,,0.188,Baixo
RA-1245,8,,,0.188,Baixo
RA-1255,8,,,0.188,Baixo
RA-1257,8,,,0.188,Baixo
RA-1249,8,,,0.188,Baixo
RA-1240,8,,,0.188,Baixo
RA-1248,8,,,0.188,Baixo
RA-1107,3,Quartzo,5.9731,0.1876,Baixo
RA-1472,2,Topázio,8.773575000000001,0.187,Baixo
RA-1301,0,Quartzo,5.6345333333,0.1868,Baixo
RA-155,8,,,0.1861,Baixo
RA-368,3,Agata,6.782158333333333,0.1861,Baixo
RA-173,8,,,0.1861,Baixo
RA-27,8,,,0.1861,Baixo
RA-1417,1,Ametista,7.7436242424,0.186,Baixo
RA-555,3,Quartzo,5.111470186333333,0.1856,Baixo
RA-871,1,Ametista,7.2917293148,0.185,Baixo
RA-1291,0,Topázio,8.079200000000002,0.1848,Baixo
RA-1265,8,,,0.1846,Baixo
RA-1598,5,Topázio,8.4656285714,0.1844,Baixo
RA-972,0,Ametista,7.537472727300001,0.1838,Baixo
RA-1169,4,Agata,6.885305555533334,0.1838,Baixo
RA-409,3,Topázio,8.225462962900002,0.1832,Baixo
RA-1392,0,Quartzo,5.4262,0.1832,Baixo
RA-603,3,Agata,6.942277777866667,0.183,Baixo
RA-1557,3,Topázio,8.228500000033334,0.1828,Baixo
RA-165,5,Topázio,8.4627502436,0.1828,Baixo
RA-215,5,Ametista,7.045258874400002,0.1825,Baixo
RA-106,6,Ametista,7.721664285733334,0.1816,Baixo
RA-1353,0,Agata,6.454700000000001,0.1814,Baixo
RA-501,2,Topázio,8.2779474937,0.1813,Baixo
RA-382,4,Quartzo,5.805712280733333,0.1811,Baixo
RA-96,8,,,0.1809,Baixo
RA-1493,2,Agata,6.378661323900001,0.1807,Baixo
RA-319,5,Ametista,7.948699561466667,0.1806,Baixo
RA-227,3,Topázio,8.074015455333335,0.1803,Baixo
RA-761,2,Topázio,8.174593939300001,0.1803,Baixo
RA-1386,0,Ametista,7.803580952400001,0.1802,Baixo
RA-1500,2,Ametista,7.360450000100002,0.1796,Baixo
RA-527,2,Topázio,8.1403666666,0.1791,Baixo
RA-1339,0,Ametista,7.3547,0.1787,Baixo
RA-1495,2,Topázio,8.4845030302,0.1781,Baixo
RA-1004,0,Ametista,7.801200000000001,0.1777,Baixo
RA-1344,0,Topázio,9.3612,0.1776,Baixo
RA-301,4,Topázio,8.410830701766667,0.1766,Baixo
RA-1311,0,Agata,6.4118666668,0.1761,Baixo
RA-1060,2,Agata,6.448416666600001,0.176,Baixo
RA-1303,0,Topázio,8.8352,0.1757,Baixo
RA-1049,1,Agata,6.821885606,0.1738,Baixo
RA-1473,2,Agata,6.689320600500001,0.1728,Baixo
RA-403,3,Topázio,8.008488888833334,0.1722,Baixo
RA-1426,1,Quartzo,5.8367476190000005,0.172,Baixo
RA-1207,5,Agata,6.509169736866667,0.1719,Baixo
RA-1308,0,Agata,6.876997101400001,0.1719,Baixo
RA-1134,3,Ametista,7.7564571427,0.1715,Baixo
RA-1297,0,Ametista,7.620247619000001,0.1715,Baixo
RA-630,2,Agata,6.879985507300001,0.171,Baixo
RA-633,3,Quartzo,5.228470175466667,0.1705,Baixo
RA-428,4,Ametista,7.534949122800001,0.1704,Baixo
RA-398,3,Ametista,7.2457999999666685,0.17,Baixo
RA-1345,0,Ametista,7.2340128655,0.17,Baixo
RA-594,2,Agata,6.890966666600001,0.1695,Baixo
RA-356,4,Agata,6.627336016533334,0.1688,Baixo
RA-1375,0,Topázio,8.101200000000002,0.1682,Baixo
RA-1423,1,Agata,6.403450000000001,0.1681,Baixo
RA-1154,3,Ametista,7.566075,0.1678,Baixo
RA-1090,3,Ametista,7.7652831384,0.1677,Baixo
RA-1556,3,Agata,6.666811111166668,0.1673,Baixo
RA-847,1,Quartzo,5.009290909100001,0.1668,Baixo
RA-1347,0,Agata,6.153842857100001,0.1666,Baixo
RA-1289,0,Ametista,7.2171722223,0.1656,Baixo
RA-947,0,Agata,6.053509523800001,0.1656,Baixo
RA-1482,2,Quartzo,5.2257,0.165,Baixo
RA-1509,2,Ametista,7.560230303200001,0.164,Baixo
RA-1130,3,Agata,6.563952941199999,0.1639,Baixo
RA-1174,5,Ametista,7.374213419866667,0.1638,Baixo
RA-471,4,Agata,6.635847117766667,0.1636,Baixo
RA-1370,0,Topázio,8.0456444444,0.1636,Baixo
RA-971,0,Agata,6.8916181818,0.1632,Baixo
RA-1535,3,Ametista,7.109390969933334,0.1631,Baixo
RA-636,2,Agata,6.3802279106,0.1628,Baixo
RA-1582,4,Agata,6.472788888966667,0.1623,Baixo
RA-979,0,Topázio,8.0352454545,0.1621,Baixo
RA-509,3,Agata,6.918152272733334,0.1621,Baixo
RA-1382,0,Ametista,7.834830952400001,0.1612,Baixo
RA-961,1,Agata,6.529417908900001,0.1609,Baixo
RA-1115,2,Agata,6.570068686900001,0.1592,Baixo
RA-967,1,Quartzo,5.442610714300001,0.1588,Baixo
RA-1478,2,Agata,6.7210333334,0.1586,Baixo
RA-562,3,Topázio,8.392733333333334,0.1584,Baixo
RA-1441,1,Topázio,8.961646169800002,0.1573,Baixo
RA-657,3,Topázio,8.207433333400001,0.1566,Baixo
RA-1418,1,Ametista,7.7352909091000015,0.1557,Baixo
RA-1550,3,Agata,6.064236111066667,0.1557,Baixo
RA-92,7,Topázio,8.052279017,0.1556,Baixo
RA-1541,3,Topázio,8.337,0.1552,Baixo
RA-306,5,Agata,6.1661539474,0.1551,Baixo
RA-1385,0,Ametista,7.7262,0.155,Baixo
RA-1034,2,Topázio,8.0333666666,0.1542,Baixo
RA-1525,3,Ametista,7.778263492033334,0.1537,Baixo
RA-1039,2,Ametista,7.549644444400001,0.1533,Baixo
RA-412,4,Topázio,8.044378070166667,0.1532,Baixo
RA-1552,3,Ametista,7.443301282066667,0.1513,Baixo
RA-836,1,Agata,6.0234537878,0.1512,Baixo
RA-1165,3,Ametista,7.908044272466667,0.1509,Baixo
RA-1528,3,Ametista,7.622584090933335,0.1505,Baixo
RA-387,3,Agata,6.125500000000001,0.15,Baixo
RA-655,3,Topázio,8.238600000066668,0.1498,Baixo
RA-40,7,Ametista,7.098051462066667,0.1498,Baixo
RA-1615,5,Topázio,8.417533333333333,0.1497,Baixo
RA-461,3,Ametista,7.5447559291,0.1496,Baixo
RA-1379,0,Agata,6.638292105300001,0.1492,Baixo
RA-1313,0,Topázio,8.0155333334,0.149,Baixo
RA-1364,0,Ametista,7.570033333300001,0.1487,Baixo
RA-662,3,Ametista,7.1074778554666675,0.1479,Baixo
RA-1387,0,Ametista,7.8030796992,0.1472,Baixo
RA-364,3,Topázio,8.2697037582,0.1472,Baixo
RA-401,3,Agata,6.728911403533334,0.1466,Baixo
RA-699,1,Agata,6.427771212000001,0.1463,Baixo
RA-1066,2,Ametista,7.9326223603,0.1459,Baixo
RA-1043,1,Ametista,7.539847562500002,0.1458,Baixo
RA-1617,5,Quartzo,4.926285714266666,0.1449,Baixo
RA-404,3,Agata,6.624588235266668,0.1448,Baixo
RA-1460,2,Agata,6.784805263200001,0.1446,Baixo
RA-605,3,Agata,6.0175222222,0.1443,Baixo
RA-220,5,Ametista,7.6987770562666675,0.1442,Baixo
RA-1351,0,Topázio,8.1861038462,0.1439,Baixo
RA-1168,3,Agata,6.864053921600001,0.1434,Baixo
RA-1338,0,Agata,6.1368428571,0.1422,Baixo
RA-1588,4,Ametista,7.303823728133333,0.1411,Baixo
RA-363,3,Ametista,7.617803571466666,0.1402,Baixo
RA-716,1,Agata,6.2372943675000005,0.1398,Baixo
RA-715,2,Quartzo,5.3098253133,0.1393,Baixo
RA-706,2,Quartzo,5.8701964286,0.1386,Baixo
RA-258,3,Agata,6.429063888866667,0.1385,Baixo
RA-408,3,Agata,6.5276296297,0.138,Baixo
RA-943,1,Topázio,8.965033333300001,0.1371,Baixo
RA-1323,0,Ametista,7.487366666700001,0.1368,Baixo
RA-1393,0,Ametista,7.2597,0.1366,Baixo
RA-1602,5,Topázio,8.041889814800001,0.1364,Baixo
RA-960,1,Quartzo,5.286047619,0.1361,Baixo
RA-923,1,Ametista,7.688609090900001,0.1361,Baixo
RA-613,3,Ametista,7.4019,0.1358,Baixo
RA-469,3,Ametista,7.684639869300001,0.1355,Baixo
RA-1545,3,Ametista,7.296598575533334,0.1355,Baixo
RA-1054,2,Agata,6.985788509300001,0.1352,Baixo
RA-556,3,Quartzo,5.833377380933333,0.1343,Baixo
RA-459,4,Ametista,7.233804589400001,0.1343,Baixo
RA-1486,2,Agata,6.865474509900001,0.1341,Baixo
RA-1539,3,Ametista,7.709588888900001,0.1337,Baixo
RA-534,3,Ametista,7.088855054266667,0.1335,Baixo
RA-1341,0,Ametista,7.862906349200001,0.1331,Baixo
RA-517,3,Quartzo,5.880466583166668,0.1331,Baixo
RA-1141,3,Agata,6.793890866866667,0.1329,Baixo
RA-597,2,Ametista,7.843291097300001,0.1327,Baixo
RA-1479,2,Agata,6.615766239300001,0.1316,Baixo
RA-1079,3,Quartzo,5.4253413299333335,0.1315,Baixo
RA-1625,6,Agata,6.888194089266667,0.1312,Baixo
RA-524,3,Ametista,7.026322556366667,0.131,Baixo
RA-1044,2,Ametista,7.966711904800001,0.1308,Baixo
RA-476,3,Agata,6.7359982456,0.1307,Baixo
RA-1285,0,Topázio,8.156578882000002,0.1305,Baixo
RA-1087,3,Agata,6.913936532,0.1283,Baixo
RA-1098,3,Agata,6.5744562514,0.1281,Baixo
RA-1548,3,Agata,6.482499715066667,0.1277,Baixo
RA-1389,0,Topázio,8.980533333299999,0.1276,Baixo
RA-1129,3,Ametista,7.360417647066668,0.1275,Baixo
RA-1031,1,Agata,6.8757227273,0.1267,Baixo
RA-1038,2,Ametista,7.9646385965,0.1251,Baixo
RA-402,4,Quartzo,5.683064814833333,0.1247,Baixo
RA-989,1,Ametista,7.3743785714,0.1247,Baixo
RA-1530,3,Quartzo,4.6391535714200005,0.1244,Baixo
RA-600,2,Ametista,7.847373913,0.1237,Baixo
RA-1360,0,Agata,6.8480623189,0.1226,Baixo
RA-1565,4,Quartzo,5.816448179266667,0.1218,Baixo
RA-546,3,Quartzo,5.702426010066667,0.1209,Baixo
RA-667,3,Ametista,7.177130604266668,0.1204,Baixo
RA-1522,3,Topázio,8.3261,0.1202,Baixo
RA-1474,2,Ametista,7.384207505200001,0.1201,Baixo
RA-514,2,Agata,6.219580952400001,0.12,Baixo
RA-538,3,Agata,6.514094017066666,0.1195,Baixo
RA-638,2,Agata,6.7464878789,0.1191,Baixo
RA-542,3,Agata,6.7205649586,0.1187,Baixo
RA-1400,1,Ametista,7.622839525700001,0.1184,Baixo
RA-484,3,Quartzo,3.8354776573333336,0.1172,Baixo
RA-928,1,Topázio,8.8733666667,0.1167,Baixo
RA-814,2,Ametista,7.971648484800001,0.1165,Baixo
RA-340,3,Agata,6.715437329466668,0.1162,Baixo
RA-616,3,Quartzo,5.457877193033333,0.1152,Baixo
RA-1446,1,Quartzo,5.9004061924,0.1146,Baixo
RA-900,1,Topázio,8.802003030200002,0.1144,Baixo
RA-620,3,Quartzo,5.766892063566667,0.114,Baixo
RA-608,2,Quartzo,5.778986231800001,0.1138,Baixo
RA-1450,1,Ametista,7.405235714200002,0.1135,Baixo
RA-521,2,Ametista,7.4798428572,0.1132,Baixo
RA-684,1,Ametista,7.769381818200001,0.1123,Baixo
RA-1343,0,Topázio,8.8262,0.1113,Baixo
RA-802,2,Ametista,7.8317974025,0.1112,Baixo
RA-626,3,Agata,6.407590225500001,0.1075,Baixo
RA-903,1,Topázio,8.0758287879,0.1072,Baixo
RA-1358,0,Agata,6.552990476200001,0.1072,Baixo
RA-1326,0,Ametista,7.6397833333,0.1072,Baixo
RA-713,2,Ametista,7.467500983400001,0.107,Baixo
RA-573,3,Ametista,7.839050000000001,0.107,Baixo
RA-470,4,Agata,6.981130848,0.107,Baixo
RA-631,3,Agata,6.795673420466667,0.105,Baixo
RA-1181,5,Agata,6.2015816738666665,0.105,Baixo
RA-1118,3,Ametista,7.0305545924,0.105,Baixo
RA-528,3,Ametista,7.276330075300001,0.1046,Baixo
RA-1595,4,Agata,6.6599304233000005,0.1045,Baixo
RA-559,3,Agata,6.158158974333333,0.1035,Baixo
RA-423,3,Agata,6.616193704866666,0.1031,Baixo
RA-656,3,Agata,6.668152941266667,0.1028,Baixo
RA-1295,0,Topázio,8.0617454545,0.1024,Baixo
RA-1404,1,Topázio,8.3971318182,0.1024,Baixo
RA-1361,0,Topázio,8.738700000000001,0.1022,Baixo
RA-876,1,Ametista,7.612057142800001,0.1018,Baixo
RA-158,5,Agata,6.855159259266667,0.1018,Baixo
RA-820,2,Ametista,7.426572549100001,0.1016,Baixo
RA-1019,1,Topázio,8.692255194900001,0.1016,Baixo
RA-434,3,Agata,6.610947619100001,0.1014,Baixo
RA-1284,0,Topázio,8.3800152174,0.1014,Baixo
RA-954,1,Topázio,8.2823798419,0.1011,Baixo
RA-1099,3,Ametista,7.332483333333334,0.1011,Baixo
RA-693,1,Topázio,8.9079954545,0.1005,Baixo
RA-369,3,Quartzo,5.667282265,0.1005,Baixo
RA-821,2,Agata,6.643866666600001,0.1001,Baixo
RA-496,3,Agata,6.726607507733334,0.0994,Baixo
RA-1488,2,Agata,6.7668935818000016,0.0994,Baixo
RA-1015,2,Agata,6.643252381000002,0.0991,Baixo
RA-236,4,Agata,6.980833740133334,0.0988,Baixo
RA-1390,0,Topázio,8.4930333333,0.0982,Baixo
RA-1372,0,Ametista,7.9632,0.0981,Baixo
RA-1435,1,Ametista,7.7196166667,0.0976,Baixo
RA-1108,3,Agata,6.017215010400001,0.0971,Baixo
RA-178,5,Ametista,7.234168831200001,0.0969,Baixo
RA-1325,0,Topázio,8.9824954545,0.0947,Baixo
RA-1342,0,Ametista,7.8185809524,0.0947,Baixo
RA-1346,0,Ametista,7.3701047619,0.0946,Baixo
RA-1076,3,Ametista,7.479598365200001,0.0941,Baixo
RA-859,1,Topázio,8.5817909091,0.0937,Baixo
RA-896,1,Topázio,8.2852454545,0.0936,Baixo
RA-1628,6,Ametista,7.500131368600001,0.0931,Baixo
RA-1000,1,Topázio,8.364790909100002,0.0928,Baixo
RA-986,1,Topázio,8.2603406926,0.0927,Baixo
RA-390,3,Agata,6.5472236842,0.0924,Baixo
RA-922,1,Topázio,8.5209954545,0.0922,Baixo
RA-1298,0,Ametista,7.577287995300001,0.092,Baixo
RA-1359,0,Ametista,7.2102,0.091,Baixo
RA-583,3,Ametista,7.447591035933334,0.0907,Baixo
RA-1310,0,Topázio,8.3907833334,0.0893,Baixo
RA-860,1,Topázio,8.7738666667,0.0888,Baixo
RA-606,2,Agata,6.645260606100001,0.0881,Baixo
RA-1608,5,Ametista,7.072539814866667,0.0878,Baixo
RA-1315,0,Topázio,8.3510666667,0.087,Baixo
RA-1391,0,Topázio,8.8435333333,0.0869,Baixo
RA-389,3,Ametista,7.2079551282,0.0868,Baixo
RA-760,3,Agata,6.942581818200001,0.0867,Baixo
RA-1395,1,Topázio,8.5997833334,0.0863,Baixo
RA-1494,2,Quartzo,5.8748823529,0.0861,Baixo
RA-984,1,Topázio,8.475080952400003,0.0844,Baixo
RA-1302,0,Quartzo,5.758866666800001,0.084,Baixo
RA-953,1,Ametista,7.961241502000001,0.0835,Baixo
RA-375,3,Ametista,7.970034615400001,0.0834,Baixo
RA-1307,0,Agata,6.5940333333000005,0.0831,Baixo
RA-982,1,Topázio,8.119860173100001,0.0827,Baixo
RA-1095,3,Agata,6.108547514666667,0.0819,Baixo
RA-980,1,Ametista,7.946388311600001,0.0813,Baixo
RA-1330,0,Topázio,8.944616666700002,0.0804,Baixo
RA-1073,3,Ametista,7.0859945773333335,0.079,Baixo
RA-789,1,Topázio,8.0443904763,0.0785,Baixo
RA-899,1,Topázio,8.425024769300002,0.0778,Baixo
RA-1477,2,Ametista,7.0514989130000005,0.0776,Baixo
RA-1546,3,Agata,6.900662108266667,0.0775,Baixo
RA-1483,2,Ametista,7.311433695700001,0.0762,Baixo
RA-1112,3,Agata,6.8560823939999995,0.0729,Baixo
RA-1356,0,Ametista,7.8695888889,0.0722,Baixo
RA-1288,0,Ametista,7.9208899585,0.0721,Baixo
RA-433,3,Ametista,7.218157142866668,0.0711,Baixo
RA-1340,0,Topázio,8.3422714286,0.0705,Baixo
RA-1286,0,Quartzo,5.914801966800001,0.0703,Baixo
RA-1314,0,Topázio,8.239799999999999,0.0689,Baixo
RA-1381,0,Topázio,9.038200000000002,0.0681,Baixo
RA-1377,0,Ametista,7.8987,0.0679,Baixo
RA-854,1,Ametista,7.826199999900001,0.0668,Baixo
RA-414,3,Ametista,7.187625925933334,0.0666,Baixo
RA-547,3,Ametista,7.210290672333333,0.066,Baixo
RA-1322,0,Topázio,8.47795,0.0659,Baixo
RA-548,3,Ametista,7.240168803466668,0.0645,Baixo
RA-1362,0,Ametista,7.709200000000001,0.0645,Baixo
RA-1363,0,Ametista,7.690800000000001,0.0643,Baixo
RA-1309,0,Topázio,8.379199999899999,0.0636,Baixo
RA-1368,0,Topázio,8.6012,0.0632,Baixo
RA-1329,0,Ametista,7.98945,0.0624,Baixo
RA-892,1,Topázio,8.697700000000001,0.0619,Baixo
RA-1275,0,Ametista,7.611366666700001,0.061,Baixo
RA-1367,0,Topázio,8.427286956500001,0.0605,Baixo
RA-985,1,Topázio,8.2432,0.0577,Baixo
RA-1331,0,Ametista,7.8522833333,0.0559,Baixo
RA-987,1,Topázio,8.3028861472,0.0557,Baixo
RA-1327,0,Topázio,8.264116666700001,0.0557,Baixo
RA-1276,0,Topázio,8.002866666700001,0.0551,Baixo
RA-1369,0,Topázio,8.052286956500001,0.0551,Baixo
RA-1383,0,Topázio,8.3720803259,0.0541,Baixo
RA-1380,0,Ametista,7.964342230600001,0.0518,Baixo
RA-1277,0,Ametista,7.952200000100001,0.0496,Baixo
RA-910,1,Topázio,8.1163818182,0.0445,Baixo
RA-1321,0,Ametista,7.95295,0.0421,Baixo
