RA,Nome Anonimizado,Fase,Pedra atual,INDE atual,prob_composite,faixa_risco_composite
RA-1028,Aluno-1028,1,Ametista,7.1404338602,0.839,Alto
RA-873,Aluno-873,1,Ametista,7.61095,0.8274,Alto
RA-1554,Aluno-1554,3,Agata,6.941692592633334,0.8243,Alto
RA-1596,Aluno-1596,4,Ametista,7.261016666766667,0.8239,Alto
RA-1199,Aluno-1199,5,Ametista,7.614235714266666,0.8174,Alto
RA-767,Aluno-767,1,Topázio,8.131890476200002,0.8113,Alto
RA-146,Aluno-146,5,Topázio,8.134554885333333,0.8037,Alto
RA-397,Aluno-397,4,Agata,6.807291921866668,0.803,Alto
RA-1401,Aluno-1401,1,Topázio,8.1188277778,0.801,Alto
RA-1579,Aluno-1579,4,Ametista,7.894385710733333,0.7999,Alto
RA-274,Aluno-274,5,Topázio,8.651029629666667,0.7917,Alto
RA-180,Aluno-180,5,Topázio,8.801463636333335,0.7898,Alto
RA-944,Aluno-944,0,Ametista,7.8262,0.7842,Alto
RA-1283,Aluno-1283,0,Topázio,8.3033538462,0.7822,Alto
RA-1609,Aluno-1609,5,Ametista,7.577233333233334,0.78,Alto
RA-1443,Aluno-1443,1,Agata,6.921633333300001,0.7753,Alto
RA-1587,Aluno-1587,4,Ametista,7.34055,0.7751,Alto
RA-116,Aluno-116,5,Agata,6.337470707133334,0.7748,Alto
RA-239,Aluno-239,4,Agata,6.782180868800001,0.7739,Alto
RA-1448,Aluno-1448,1,Ametista,7.466126406900001,0.772,Alto
RA-152,Aluno-152,5,Agata,6.5837938596,0.7688,Alto
RA-1612,Aluno-1612,5,Ametista,7.014528571366666,0.7668,Alto
RA-1566,Aluno-1566,4,Ametista,7.759243871133334,0.7663,Alto
RA-426,Aluno-426,4,Agata,6.6430030186,0.7658,Alto
RA-249,Aluno-249,4,Agata,6.125104328999999,0.7656,Alto
RA-1413,Aluno-1413,1,Ametista,7.747564718600001,0.7647,Alto
RA-829,Aluno-829,2,Topázio,9.171825000000002,0.7645,Alto
RA-1299,Aluno-1299,0,Ametista,7.069727777800001,0.7637,Alto
RA-749,Aluno-749,0,Topázio,8.3373184211,0.7602,Alto
RA-750,Aluno-750,1,Quartzo,4.542230369,0.7599,Alto
RA-1542,Aluno-1542,3,Agata,6.0886079922,0.7596,Alto
RA-1438,Aluno-1438,1,Topázio,8.176825000000001,0.7585,Alto
RA-131,Aluno-131,5,Ametista,7.263155555633333,0.7572,Alto
RA-688,Aluno-688,2,Topázio,8.986533333300002,0.7545,Alto
RA-1075,Aluno-1075,2,Agata,6.8100812324,0.7541,Alto
RA-76,Aluno-76,7,Topázio,8.152033333333334,0.7535,Alto
RA-277,Aluno-277,7,Topázio,8.0689833334,0.7527,Alto
RA-733,Aluno-733,1,Topázio,8.808825,0.7519,Alto
RA-755,Aluno-755,1,Topázio,8.925450000000001,0.7517,Alto
RA-784,Aluno-784,2,Topázio,8.8857454545,0.7499,Alto
RA-1591,Aluno-1591,4,Agata,6.1707952862,0.7498,Alto
RA-1195,Aluno-1195,5,Ametista,7.508514492666667,0.7496,Alto
RA-1569,Aluno-1569,4,Quartzo,5.7191555556,0.749,Alto
RA-1567,Aluno-1567,4,Ametista,7.913942087533334,0.7458,Alto
RA-1562,Aluno-1562,4,Quartzo,5.458833333333334,0.7453,Alto
RA-816,Aluno-816,2,Topázio,8.929745454599999,0.7442,Alto
RA-1442,Aluno-1442,1,Ametista,7.135189648100001,0.7442,Alto
RA-1332,Aluno-1332,0,Topázio,8.1040529412,0.7438,Alto
RA-1592,Aluno-1592,4,Agata,6.812545479666667,0.7432,Alto
RA-911,Aluno-911,1,Quartzo,5.4552454547,0.7426,Alto
RA-785,Aluno-785,2,Topázio,9.1548666666,0.7418,Alto
RA-87,Aluno-87,7,Topázio,9.437924561333332,0.7415,Alto
RA-1023,Aluno-1023,2,Topázio,9.4985809523,0.7413,Alto
RA-1150,Aluno-1150,4,Ametista,7.1023212964,0.7406,Alto
RA-138,Aluno-138,5,Ametista,7.3860274169,0.7404,Alto
RA-810,Aluno-810,1,Ametista,7.704770175400001,0.7402,Alto
RA-1304,Aluno-1304,0,Ametista,7.085119934500001,0.7402,Alto
RA-52,Aluno-52,7,Topázio,8.144466666733333,0.7402,Alto
RA-1519,Aluno-1519,3,Ametista,7.210222117800001,0.7396,Alto
RA-388,Aluno-388,4,Quartzo,5.965307936466667,0.7395,Alto
RA-618,Aluno-618,3,Agata,6.718348148233334,0.7386,Alto
RA-756,Aluno-756,0,Ametista,7.361700000000001,0.7381,Alto
RA-1600,Aluno-1600,5,Agata,6.750618518533334,0.7368,Alto
RA-416,Aluno-416,4,Topázio,8.700808577033333,0.7367,Alto
RA-466,Aluno-466,3,Agata,6.778749122800001,0.7366,Alto
RA-1350,Aluno-1350,0,Topázio,8.335450000000002,0.7365,Alto
RA-85,Aluno-85,5,Agata,6.999509385733333,0.7362,Alto
RA-196,Aluno-196,5,Topázio,8.823550937933334,0.7361,Alto
RA-612,Aluno-612,2,Topázio,9.1340409091,0.7342,Alto
RA-1193,Aluno-1193,4,Agata,6.6304815790000005,0.7329,Alto
RA-1155,Aluno-1155,4,Ametista,7.119011111133333,0.7313,Alto
RA-342,Aluno-342,4,Agata,6.757026587266667,0.7313,Alto
RA-966,Aluno-966,0,Ametista,7.9943363636,0.7311,Alto
RA-1294,Aluno-1294,0,Ametista,7.9493666666,0.7298,Alto
RA-267,Aluno-267,5,Quartzo,5.8963067819666675,0.7294,Alto
RA-1068,Aluno-1068,2,Topázio,9.0150030303,0.7276,Alto
RA-303,Aluno-303,4,Agata,6.2443426900666665,0.7275,Alto
RA-291,Aluno-291,7,Ametista,7.931966666733333,0.7269,Alto
RA-1065,Aluno-1065,2,Topázio,8.8634934783,0.7268,Alto
RA-241,Aluno-241,7,Topázio,8.311616666733334,0.7268,Alto
RA-283,Aluno-283,4,Ametista,7.9444309524,0.7254,Alto
RA-1335,Aluno-1335,0,Topázio,8.3217,0.7243,Alto
RA-1064,Aluno-1064,2,Topázio,8.9802350877,0.7241,Alto
RA-483,Aluno-483,2,Agata,6.578604762,0.7232,Alto
RA-1200,Aluno-1200,5,Quartzo,5.6415838956,0.723,Alto
RA-513,Aluno-513,3,Topázio,8.728632539666668,0.7219,Alto
RA-121,Aluno-121,5,Ametista,7.476158297266668,0.7215,Alto
RA-1476,Aluno-1476,2,Topázio,8.80795,0.7214,Alto
RA-747,Aluno-747,1,Quartzo,5.8450809523,0.72,Alto
RA-973,Aluno-973,0,Agata,6.9318363636,0.7193,Alto
RA-164,Aluno-164,5,Agata,6.837125731066667,0.7188,Alto
RA-587,Aluno-587,1,Agata,6.817057142900001,0.7186,Alto
RA-1516,Aluno-1516,3,Ametista,7.217066033133334,0.7179,Alto
RA-279,Aluno-279,5,Topázio,9.113133333366669,0.7178,Alto
RA-262,Aluno-262,4,Quartzo,5.806145462066667,0.7165,Alto
RA-479,Aluno-479,3,Topázio,8.901966666666668,0.7164,Alto
RA-909,Aluno-909,0,Ametista,7.722033333300001,0.7148,Alto
RA-578,Aluno-578,3,Topázio,9.066199999966669,0.7147,Alto
RA-191,Aluno-191,7,Ametista,7.7887,0.7142,Alto
RA-381,Aluno-381,3,Quartzo,5.940775,0.7111,Alto
RA-90,Aluno-90,7,Topázio,8.352033333333335,0.7104,Alto
RA-269,Aluno-269,7,Topázio,8.4773,0.7104,Alto
RA-862,Aluno-862,0,Ametista,7.346677272700001,0.7098,Alto
RA-242,Aluno-242,7,Topázio,8.2887,0.7096,Alto
RA-502,Aluno-502,2,Topázio,8.5023309524,0.708,Alto
RA-1427,Aluno-1427,1,Topázio,8.425325,0.7079,Alto
RA-245,Aluno-245,7,Topázio,8.452633333266668,0.7075,Alto
RA-1024,Aluno-1024,1,Topázio,8.6516166666,0.7071,Alto
RA-735,Aluno-735,2,Ametista,7.7888467391,0.7061,Alto
RA-115,Aluno-115,5,Quartzo,5.404184695733334,0.7057,Alto
RA-1431,Aluno-1431,1,Ametista,7.9147292443,0.7056,Alto
RA-762,Aluno-762,2,Quartzo,5.9677326087,0.7049,Alto
RA-192,Aluno-192,5,Agata,6.882960606066668,0.7049,Alto
RA-1605,Aluno-1605,5,Quartzo,4.920488888866667,0.7044,Alto
RA-246,Aluno-246,7,Quartzo,4.7404,0.7036,Alto
RA-1001,Aluno-1001,1,Ametista,7.7964318841,0.7033,Alto
RA-1510,Aluno-1510,2,Topázio,9.4647454544,0.7028,Alto
RA-1571,Aluno-1571,4,Ametista,7.2484555556,0.7027,Alto
RA-422,Aluno-422,3,Quartzo,5.544981481433334,0.7026,Alto
RA-1420,Aluno-1420,1,Quartzo,5.6558,0.7025,Alto
RA-1464,Aluno-1464,2,Ametista,7.288424359,0.7024,Alto
RA-1594,Aluno-1594,4,Quartzo,5.731267287800001,0.7024,Alto
RA-1096,Aluno-1096,3,Topázio,9.189883333333334,0.702,Alto
RA-1599,Aluno-1599,5,Ametista,7.6059333333333345,0.7012,Alto
RA-1549,Aluno-1549,3,Agata,6.514862200466668,0.7009,Alto
RA-143,Aluno-143,7,Ametista,7.449366666666667,0.7003,Alto
RA-1580,Aluno-1580,4,Ametista,7.790523996266667,0.7003,Alto
RA-822,Aluno-822,1,Quartzo,5.2645678524,0.6993,Alto
RA-1606,Aluno-1606,5,Quartzo,5.8216796296,0.6993,Alto
RA-879,Aluno-879,1,Topázio,8.1096318182,0.6981,Alto
RA-229,Aluno-229,5,Topázio,8.852545634933334,0.6971,Alto
RA-1613,Aluno-1613,5,Agata,6.085471428700001,0.697,Alto
RA-995,Aluno-995,1,Quartzo,5.110372077899999,0.6968,Alto
RA-1146,Aluno-1146,3,Quartzo,5.3933086048000005,0.6967,Alto
RA-157,Aluno-157,5,Topázio,8.950566666733334,0.6959,Alto
RA-988,Aluno-988,1,Topázio,8.1765333333,0.6956,Alto
RA-1630,Aluno-1630,6,Topázio,8.583133333333334,0.6951,Alto
RA-842,Aluno-842,1,Ametista,7.072914756400001,0.6949,Alto
RA-686,Aluno-686,2,Topázio,8.040259523700001,0.6948,Alto
RA-1062,Aluno-1062,1,Ametista,7.6147238096,0.6944,Alto
RA-1170,Aluno-1170,3,Agata,6.095440873,0.6943,Alto
RA-1453,Aluno-1453,2,Ametista,7.1234857143,0.6942,Alto
RA-834,Aluno-834,2,Topázio,8.513646169700001,0.694,Alto
RA-826,Aluno-826,1,Ametista,7.9442,0.6936,Alto
RA-748,Aluno-748,1,Topázio,8.2272,0.6934,Alto
RA-1067,Aluno-1067,1,Ametista,7.840033333300001,0.6926,Alto
RA-773,Aluno-773,0,Agata,6.566200000000001,0.6919,Alto
RA-153,Aluno-153,7,Quartzo,4.78185,0.6916,Alto
RA-472,Aluno-472,2,Agata,6.6397610766,0.6907,Alto
RA-1597,Aluno-1597,4,Agata,6.7187063492,0.6906,Alto
RA-487,Aluno-487,3,Topázio,9.4171373016,0.6895,Alto
RA-270,Aluno-270,7,Quartzo,4.79255,0.6895,Alto
RA-1551,Aluno-1551,3,Quartzo,5.9717087542,0.6894,Alto
RA-1611,Aluno-1611,5,Agata,6.4589186218000005,0.6894,Alto
RA-831,Aluno-831,1,Topázio,8.0066285715,0.6877,Alto
RA-1143,Aluno-1143,3,Quartzo,5.881225668333334,0.6876,Alto
RA-1061,Aluno-1061,2,Topázio,8.76595,0.6871,Alto
RA-916,Aluno-916,0,Quartzo,5.5058531621,0.6868,Alto
RA-172,Aluno-172,7,Topázio,8.128766666666667,0.6868,Alto
RA-1422,Aluno-1422,1,Ametista,7.0132,0.686,Alto
RA-687,Aluno-687,2,Topázio,8.2739844611,0.6859,Alto
RA-1166,Aluno-1166,4,Ametista,7.452799122766667,0.6851,Alto
RA-1058,Aluno-1058,1,Ametista,7.703347619,0.6842,Alto
RA-850,Aluno-850,1,Ametista,7.864245454500001,0.6841,Alto
RA-1511,Aluno-1511,2,Topázio,8.9217077641,0.684,Alto
RA-1082,Aluno-1082,2,Agata,6.6114857142,0.6828,Alto
RA-740,Aluno-740,1,Topázio,8.1611005269,0.6811,Alto
RA-754,Aluno-754,0,Quartzo,5.6127,0.6806,Alto
RA-418,Aluno-418,4,Topázio,9.125183333366667,0.6805,Alto
RA-558,Aluno-558,3,Quartzo,5.048054503133334,0.6804,Alto
RA-905,Aluno-905,0,Agata,6.3925823529,0.6803,Alto
RA-1585,Aluno-1585,4,Agata,6.730367016866668,0.6801,Alto
RA-56,Aluno-56,7,Topázio,9.0770201754,0.68,Alto
RA-454,Aluno-454,4,Quartzo,5.8522943469666675,0.6794,Alto
RA-497,Aluno-497,2,Quartzo,4.4960809524,0.6791,Alto
RA-781,Aluno-781,2,Topázio,8.496283333400001,0.6787,Alto
RA-332,Aluno-332,4,Topázio,8.421271701,0.6786,Alto
RA-304,Aluno-304,3,Agata,6.852411484600001,0.6784,Alto
RA-313,Aluno-313,4,Ametista,7.25285,0.6778,Alto
RA-1434,Aluno-1434,1,Topázio,8.2775982919,0.6772,Alto
RA-753,Aluno-753,1,Topázio,8.2450571429,0.6768,Alto
RA-149,Aluno-149,5,Quartzo,5.7316173854,0.6757,Alto
RA-1558,Aluno-1558,4,Ametista,7.643772047733333,0.6753,Alto
RA-1577,Aluno-1577,4,Agata,6.305585581933334,0.674,Alto
RA-819,Aluno-819,2,Topázio,8.652552484400001,0.6738,Alto
RA-628,Aluno-628,2,Topázio,8.2366166666,0.6735,Alto
RA-769,Aluno-769,1,Ametista,7.099342857200002,0.6733,Alto
RA-1610,Aluno-1610,5,Agata,6.7023729275666675,0.6731,Alto
RA-702,Aluno-702,0,Ametista,7.665116666600001,0.673,Alto
RA-195,Aluno-195,5,Topázio,8.4690496032,0.6717,Alto
RA-1406,Aluno-1406,1,Ametista,7.8186772727,0.6716,Alto
RA-637,Aluno-637,2,Ametista,7.6853212122,0.6707,Alto
RA-1055,Aluno-1055,1,Agata,6.403040909100001,0.6704,Alto
RA-790,Aluno-790,2,Agata,6.8089355072,0.6704,Alto
RA-1521,Aluno-1521,3,Quartzo,5.065788844333333,0.6699,Alto
RA-1432,Aluno-1432,1,Topázio,8.774075000000002,0.6697,Alto
RA-1384,Aluno-1384,0,Agata,6.221984461100001,0.6696,Alto
RA-1153,Aluno-1153,4,Topázio,8.268876190466667,0.6696,Alto
RA-318,Aluno-318,5,Ametista,7.025000925866668,0.6692,Alto
RA-730,Aluno-730,2,Topázio,8.469255555700002,0.6684,Alto
RA-543,Aluno-543,3,Topázio,8.0467871118,0.6684,Alto
RA-1439,Aluno-1439,1,Topázio,8.507700000000002,0.6682,Alto
RA-894,Aluno-894,1,Topázio,8.67895,0.6674,Alto
RA-782,Aluno-782,1,Topázio,8.1896285714,0.6671,Alto
RA-1133,Aluno-1133,3,Topázio,8.238553968266668,0.6665,Alto
RA-467,Aluno-467,4,Ametista,7.729811842133333,0.6661,Alto
RA-581,Aluno-581,2,Ametista,7.0833015528,0.6658,Alto
RA-1408,Aluno-1408,1,Ametista,7.626768181800001,0.6647,Alto
RA-1433,Aluno-1433,1,Topázio,8.1939895962,0.6647,Alto
RA-568,Aluno-568,3,Quartzo,5.545864285733334,0.6645,Alto
RA-1371,Aluno-1371,0,Agata,6.4843521739,0.6643,Alto
RA-1484,Aluno-1484,2,Ametista,7.754200000000001,0.6639,Alto
RA-1589,Aluno-1589,4,Quartzo,5.260851851866667,0.6635,Alto
RA-576,Aluno-576,2,Topázio,8.93195,0.6634,Alto
RA-1487,Aluno-1487,2,Topázio,8.0267434782,0.6632,Alto
RA-721,Aluno-721,2,Topázio,8.8986026915,0.6615,Alto
RA-1412,Aluno-1412,1,Topázio,9.2046718615,0.6611,Alto
RA-438,Aluno-438,2,Ametista,7.930283695700001,0.661,Alto
RA-1394,Aluno-1394,1,Ametista,7.503255555500002,0.6608,Alto
RA-874,Aluno-874,1,Ametista,7.0235939394,0.6607,Alto
RA-1455,Aluno-1455,2,Agata,6.6442555555,0.6591,Alto
RA-757,Aluno-757,1,Ametista,7.938842857200001,0.658,Alto
RA-456,Aluno-456,3,Topázio,8.331124561366668,0.6577,Alto
RA-501,Aluno-501,2,Topázio,8.2779474937,0.6575,Alto
RA-1103,Aluno-1103,2,Ametista,7.861995031000001,0.6571,Alto
RA-442,Aluno-442,4,Agata,6.905439215666667,0.656,Alto
RA-1018,Aluno-1018,1,Ametista,7.7054045454,0.6556,Alto
RA-764,Aluno-764,2,Ametista,7.838370289900001,0.6553,Alto
RA-1451,Aluno-1451,1,Ametista,7.560479761900002,0.6553,Alto
RA-1620,Aluno-1620,5,Agata,6.652766666666667,0.6552,Alto
RA-273,Aluno-273,4,Agata,6.5991307798,0.6547,Alto
RA-719,Aluno-719,1,Ametista,7.1193969697,0.6542,Alto
RA-557,Aluno-557,3,Topázio,9.350986466133334,0.6539,Alto
RA-651,Aluno-651,3,Topázio,8.689300000100001,0.6535,Alto
RA-1428,Aluno-1428,1,Topázio,8.006108496800001,0.6525,Alto
RA-315,Aluno-315,4,Agata,6.0768703704,0.6525,Alto
RA-377,Aluno-377,4,Ametista,7.480115873000001,0.6524,Alto
RA-1002,Aluno-1002,0,Ametista,7.967866666700001,0.6511,Alto
RA-365,Aluno-365,3,Topázio,8.526983333333334,0.6509,Alto
RA-1151,Aluno-1151,4,Topázio,8.749111111066668,0.6508,Alto
RA-1523,Aluno-1523,3,Topázio,8.67371279,0.6504,Alto
RA-912,Aluno-912,0,Ametista,7.697103508700001,0.6496,Alto
RA-1503,Aluno-1503,2,Agata,6.991699999900001,0.6476,Alto
RA-808,Aluno-808,1,Topázio,8.7897,0.6466,Alto
RA-1445,Aluno-1445,1,Ametista,7.842866666700001,0.6464,Alto
RA-417,Aluno-417,4,Topázio,8.533628557533333,0.6455,Alto
RA-718,Aluno-718,2,Topázio,8.705811111100001,0.6455,Alto
RA-1057,Aluno-1057,1,Topázio,8.2352,0.6447,Alto
RA-395,Aluno-395,4,Ametista,7.169905291000001,0.6436,Alto
RA-508,Aluno-508,3,Agata,6.771708625733333,0.6435,Alto
RA-137,Aluno-137,5,Agata,6.576761183366667,0.6429,Alto
RA-919,Aluno-919,0,Quartzo,5.799702673800001,0.6424,Alto
RA-965,Aluno-965,0,Agata,6.1376545455,0.6424,Alto
RA-1537,Aluno-1537,3,Topázio,8.176263231333333,0.6417,Alto
RA-963,Aluno-963,1,Topázio,8.375080952400001,0.6414,Alto
RA-1035,Aluno-1035,1,Ametista,7.833495454500001,0.6411,Alto
RA-444,Aluno-444,3,Quartzo,5.410188638266668,0.6408,Alto
RA-179,Aluno-179,4,Topázio,8.932712280733334,0.6398,Alto
RA-1403,Aluno-1403,1,Topázio,8.257421861500001,0.6392,Alto
RA-1466,Aluno-1466,2,Topázio,8.213723809600001,0.6389,Alto
RA-795,Aluno-795,1,Topázio,8.441414285700002,0.6383,Alto
RA-1593,Aluno-1593,4,Agata,6.638525017333334,0.6383,Alto
RA-778,Aluno-778,2,Topázio,8.0754139589,0.6381,Alto
RA-1140,Aluno-1140,2,Ametista,7.3473880383,0.6378,Alto
RA-631,Aluno-631,3,Agata,6.795673420466667,0.6371,Alto
RA-1532,Aluno-1532,3,Quartzo,4.548544781066667,0.637,Alto
RA-1604,Aluno-1604,5,Topázio,8.0118555556,0.6365,Alto
RA-1147,Aluno-1147,3,Quartzo,5.833118518533334,0.6362,Alto
RA-1398,Aluno-1398,1,Ametista,7.989700527000001,0.6359,Alto
RA-1118,Aluno-1118,3,Ametista,7.0305545924,0.6358,Alto
RA-384,Aluno-384,4,Topázio,8.072200721466668,0.6348,Alto
RA-193,Aluno-193,5,Topázio,8.465046969666668,0.6344,Alto
RA-840,Aluno-840,1,Topázio,8.5912909091,0.6339,Alto
RA-1056,Aluno-1056,1,Topázio,8.192009523800001,0.6333,Alto
RA-450,Aluno-450,4,Ametista,7.526188206666666,0.6319,Alto
RA-445,Aluno-445,3,Ametista,7.3416246032,0.6311,Alto
RA-186,Aluno-186,5,Topázio,8.325963636333334,0.6295,Alto
RA-768,Aluno-768,1,Ametista,7.0345379447,0.6286,Alto
RA-184,Aluno-184,5,Topázio,8.471456704266666,0.6285,Alto
RA-1573,Aluno-1573,4,Agata,6.743847969266667,0.6281,Alto
RA-737,Aluno-737,2,Topázio,8.4695488613,0.6279,Alto
RA-1485,Aluno-1485,2,Agata,6.7386875776999995,0.6278,Alto
RA-662,Aluno-662,3,Ametista,7.1074778554666675,0.6275,Alto
RA-780,Aluno-780,1,Ametista,7.7430333333,0.6275,Alto
RA-1176,Aluno-1176,5,Topázio,8.914816269866666,0.6273,Alto
RA-1337,Aluno-1337,0,Agata,6.015144444400001,0.627,Alto
RA-709,Aluno-709,1,Agata,6.833780895800001,0.6267,Alto
RA-832,Aluno-832,2,Topázio,8.2403304348,0.6259,Alto
RA-1210,Aluno-1210,6,Topázio,8.2302,0.6258,Alto
RA-199,Aluno-199,4,Ametista,7.419398245666667,0.6255,Alto
RA-1437,Aluno-1437,1,Ametista,7.982890217400001,0.6253,Alto
RA-1505,Aluno-1505,2,Agata,6.7199171717,0.6252,Alto
RA-494,Aluno-494,3,Ametista,7.922281328333334,0.625,Alto
RA-1518,Aluno-1518,3,Quartzo,5.721382142866666,0.6242,Alto
RA-1171,Aluno-1171,4,Ametista,7.6236817459,0.6241,Alto
RA-326,Aluno-326,4,Topázio,8.832389092333335,0.6239,Alto
RA-1425,Aluno-1425,1,Agata,6.8290988095000005,0.6237,Alto
RA-1396,Aluno-1396,1,Ametista,7.8477,0.6234,Alto
RA-471,Aluno-471,4,Agata,6.635847117766667,0.6232,Alto
RA-1559,Aluno-1559,4,Agata,6.330428437666668,0.623,Alto
RA-1419,Aluno-1419,1,Topázio,8.7536999999,0.6227,Alto
RA-336,Aluno-336,4,Agata,6.834286748466667,0.6227,Alto
RA-610,Aluno-610,3,Ametista,7.894888888933334,0.6227,Alto
RA-827,Aluno-827,2,Topázio,8.2483467391,0.6214,Alto
RA-160,Aluno-160,5,Agata,6.855108333266668,0.6209,Alto
RA-1305,Aluno-1305,0,Agata,6.685221929800001,0.6192,Alto
RA-280,Aluno-280,5,Topázio,8.822714492700001,0.619,Alto
RA-746,Aluno-746,2,Ametista,7.903311111100001,0.6186,Alto
RA-1149,Aluno-1149,4,Topázio,8.1371,0.6167,Alto
RA-176,Aluno-176,5,Topázio,8.828632575733334,0.6166,Alto
RA-1052,Aluno-1052,1,Ametista,7.744032575800001,0.6163,Alto
RA-103,Aluno-103,5,Topázio,8.775268254,0.6158,Alto
RA-1399,Aluno-1399,1,Ametista,7.438578787899999,0.6158,Alto
RA-530,Aluno-530,3,Ametista,7.214534419433333,0.6157,Alto
RA-588,Aluno-588,3,Topázio,8.676133333333334,0.615,Alto
RA-1607,Aluno-1607,5,Quartzo,4.899894444466667,0.6142,Alto
RA-1416,Aluno-1416,1,Ametista,7.375503030400001,0.6136,Alto
RA-539,Aluno-539,3,Topázio,8.465533333333335,0.6132,Alto
RA-1584,Aluno-1584,4,Ametista,7.429837830666667,0.6124,Alto
RA-340,Aluno-340,3,Agata,6.715437329466668,0.6124,Alto
RA-432,Aluno-432,4,Ametista,7.167975,0.6121,Alto
RA-591,Aluno-591,2,Agata,6.8360336957,0.6119,Alto
RA-1025,Aluno-1025,1,Ametista,7.897071212,0.6118,Alto
RA-1564,Aluno-1564,4,Quartzo,5.0761468806000005,0.6091,Alto
RA-602,Aluno-602,3,Topázio,8.647409313733334,0.6087,Alto
RA-1020,Aluno-1020,1,Topázio,8.9544954545,0.6084,Alto
RA-1116,Aluno-1116,3,Quartzo,3.7894777778,0.6081,Alto
RA-745,Aluno-745,2,Topázio,8.6102,0.6073,Alto
RA-86,Aluno-86,7,Ametista,7.611233333266666,0.6068,Alto
RA-801,Aluno-801,1,Agata,6.6752,0.6068,Alto
RA-1157,Aluno-1157,3,Ametista,7.916082936533334,0.6066,Alto
RA-1228,Aluno-1228,7,Quartzo,4.8761,0.6065,Alto
RA-1456,Aluno-1456,2,Topázio,8.492914285800001,0.6057,Alto
RA-616,Aluno-616,3,Quartzo,5.457877193033333,0.6043,Alto
RA-1556,Aluno-1556,3,Agata,6.666811111166668,0.6043,Alto
RA-457,Aluno-457,4,Topázio,8.5892756038,0.604,Alto
RA-1457,Aluno-1457,2,Agata,6.0197761904,0.604,Alto
RA-40,Aluno-40,7,Ametista,7.098051462066667,0.6035,Alto
RA-421,Aluno-421,4,Topázio,8.488232329,0.6034,Alto
RA-1618,Aluno-1618,5,Ametista,7.0487660130666665,0.6018,Alto
RA-570,Aluno-570,2,Agata,6.8133640787,0.6008,Alto
RA-1467,Aluno-1467,2,Topázio,8.836711278200001,0.5997,Médio
RA-1022,Aluno-1022,1,Ametista,7.613169697000002,0.5987,Médio
RA-1590,Aluno-1590,4,Topázio,8.1907875086,0.5986,Médio
RA-577,Aluno-577,2,Agata,6.629159109700001,0.5986,Médio
RA-807,Aluno-807,1,Ametista,7.797628571400001,0.5982,Médio
RA-1429,Aluno-1429,1,Topázio,8.041811111100001,0.5981,Médio
RA-741,Aluno-741,1,Quartzo,5.0795885374,0.5976,Médio
RA-601,Aluno-601,1,Topázio,8.5107,0.5972,Médio
RA-306,Aluno-306,5,Agata,6.1661539474,0.597,Médio
RA-1410,Aluno-1410,1,Ametista,7.5319272727,0.5963,Médio
RA-939,Aluno-939,1,Ametista,7.051379841899999,0.5959,Médio
RA-830,Aluno-830,1,Ametista,7.1373428571,0.5959,Médio
RA-776,Aluno-776,1,Quartzo,5.178509523800001,0.5955,Médio
RA-411,Aluno-411,4,Ametista,7.279762962966667,0.5952,Médio
RA-1498,Aluno-1498,2,Ametista,7.147881818200001,0.5952,Médio
RA-258,Aluno-258,3,Agata,6.429063888866667,0.595,Médio
RA-690,Aluno-690,1,Ametista,7.3853681818,0.5945,Médio
RA-503,Aluno-503,3,Topázio,8.547495614066667,0.5945,Médio
RA-1601,Aluno-1601,5,Ametista,7.2431,0.5944,Médio
RA-586,Aluno-586,3,Topázio,8.702387301666668,0.5942,Médio
RA-419,Aluno-419,4,Topázio,8.355707894766669,0.5938,Médio
RA-1454,Aluno-1454,2,Ametista,7.7042238095,0.5928,Médio
RA-522,Aluno-522,2,Topázio,8.6777119048,0.5918,Médio
RA-1570,Aluno-1570,4,Ametista,7.894084175066667,0.5916,Médio
RA-278,Aluno-278,5,Topázio,8.907314492800001,0.5909,Médio
RA-420,Aluno-420,4,Ametista,7.544228947400001,0.5904,Médio
RA-1172,Aluno-1172,5,Quartzo,5.719565079333334,0.5902,Médio
RA-529,Aluno-529,2,Quartzo,5.2661285715,0.5897,Médio
RA-476,Aluno-476,3,Agata,6.7359982456,0.5897,Médio
RA-725,Aluno-725,0,Ametista,7.0900771929,0.5897,Médio
RA-1407,Aluno-1407,1,Ametista,7.546086363600001,0.5895,Médio
RA-464,Aluno-464,3,Agata,6.872009064333334,0.5895,Médio
RA-1469,Aluno-1469,2,Ametista,7.459755555500001,0.5892,Médio
RA-633,Aluno-633,3,Quartzo,5.228470175466667,0.5878,Médio
RA-58,Aluno-58,7,Topázio,8.7713289474,0.5873,Médio
RA-491,Aluno-491,2,Agata,6.995247619100001,0.5861,Médio
RA-161,Aluno-161,5,Ametista,7.258445588333334,0.5859,Médio
RA-806,Aluno-806,1,Agata,6.972777380900001,0.5853,Médio
RA-1059,Aluno-1059,2,Topázio,8.678450000000002,0.5853,Médio
RA-1631,Aluno-1631,6,Topázio,8.186433333333333,0.5852,Médio
RA-563,Aluno-563,3,Topázio,8.595447619066668,0.5852,Médio
RA-1084,Aluno-1084,3,Agata,6.9071109649333335,0.5847,Médio
RA-197,Aluno-197,5,Topázio,8.568238636333334,0.5844,Médio
RA-1178,Aluno-1178,5,Topázio,8.0934746032,0.5842,Médio
RA-392,Aluno-392,4,Quartzo,4.3639463364,0.5841,Médio
RA-455,Aluno-455,3,Ametista,7.098988888900001,0.5837,Médio
RA-1054,Aluno-1054,2,Agata,6.985788509300001,0.5827,Médio
RA-663,Aluno-663,2,Agata,6.696419461700001,0.5822,Médio
RA-1575,Aluno-1575,4,Ametista,7.318459391466667,0.5822,Médio
RA-383,Aluno-383,4,Topázio,8.036024386733335,0.5818,Médio
RA-1463,Aluno-1463,2,Topázio,9.074561111,0.5818,Médio
RA-705,Aluno-705,1,Quartzo,5.294247619100001,0.5808,Médio
RA-649,Aluno-649,3,Agata,6.985329691766667,0.5806,Médio
RA-407,Aluno-407,4,Ametista,7.0875128168,0.5806,Médio
RA-1524,Aluno-1524,3,Quartzo,5.5473805555333335,0.58,Médio
RA-1173,Aluno-1173,5,Topázio,8.220132915666667,0.5799,Médio
RA-590,Aluno-590,2,Agata,6.712378053800001,0.5798,Médio
RA-1087,Aluno-1087,3,Agata,6.913936532,0.5796,Médio
RA-1465,Aluno-1465,2,Ametista,7.3344666666,0.5794,Médio
RA-1586,Aluno-1586,4,Agata,6.555764327466668,0.5786,Médio
RA-401,Aluno-401,3,Agata,6.728911403533334,0.5782,Médio
RA-181,Aluno-181,5,Ametista,7.439841414133334,0.5771,Médio
RA-1616,Aluno-1616,5,Ametista,7.147738235266668,0.5767,Médio
RA-1405,Aluno-1405,1,Topázio,8.4749727273,0.5762,Médio
RA-1430,Aluno-1430,1,Ametista,7.864033333300001,0.5753,Médio
RA-871,Aluno-871,1,Ametista,7.2917293148,0.5747,Médio
RA-1540,Aluno-1540,3,Quartzo,5.696233333333334,0.5745,Médio
RA-107,Aluno-107,5,Agata,6.676130827066667,0.5742,Médio
RA-1203,Aluno-1203,6,Topázio,8.9495245614,0.5737,Médio
RA-187,Aluno-187,4,Topázio,8.568424074066666,0.5732,Médio
RA-321,Aluno-321,5,Topázio,8.125807932933334,0.5732,Médio
RA-1201,Aluno-1201,5,Topázio,8.376195238033333,0.5731,Médio
RA-1163,Aluno-1163,4,Topázio,8.6794789474,0.5714,Médio
RA-1530,Aluno-1530,3,Quartzo,4.6391535714200005,0.5711,Médio
RA-652,Aluno-652,2,Ametista,7.361896969700001,0.571,Médio
RA-743,Aluno-743,1,Ametista,7.655745454500001,0.5709,Médio
RA-64,Aluno-64,7,Topázio,8.743607059266667,0.5704,Médio
RA-338,Aluno-338,4,Topázio,8.052795331466667,0.5704,Médio
RA-1397,Aluno-1397,1,Ametista,7.8280333334,0.5703,Médio
RA-1482,Aluno-1482,2,Quartzo,5.2257,0.5702,Médio
RA-664,Aluno-664,2,Ametista,7.5017244089,0.5692,Médio
RA-1447,Aluno-1447,1,Ametista,7.5402350878,0.5684,Médio
RA-1049,Aluno-1049,1,Agata,6.821885606,0.5683,Médio
RA-713,Aluno-713,2,Ametista,7.467500983400001,0.5681,Médio
RA-670,Aluno-670,3,Topázio,8.8602539683,0.5681,Médio
RA-1048,Aluno-1048,2,Ametista,7.5198666666,0.5679,Médio
RA-1097,Aluno-1097,3,Quartzo,5.475324895633334,0.5675,Médio
RA-1509,Aluno-1509,2,Ametista,7.560230303200001,0.5671,Médio
RA-1162,Aluno-1162,4,Ametista,7.473167836266667,0.5666,Médio
RA-1478,Aluno-1478,2,Agata,6.7210333334,0.5664,Médio
RA-1583,Aluno-1583,4,Ametista,7.8197579711,0.5659,Médio
RA-1099,Aluno-1099,3,Ametista,7.332483333333334,0.5659,Médio
RA-1517,Aluno-1517,3,Agata,6.240744444466667,0.5655,Médio
RA-390,Aluno-390,3,Agata,6.5472236842,0.5646,Médio
RA-696,Aluno-696,2,Ametista,7.482680952299999,0.5646,Médio
RA-891,Aluno-891,0,Topázio,8.035957575700001,0.5646,Médio
RA-990,Aluno-990,1,Ametista,7.812283333400001,0.5641,Médio
RA-802,Aluno-802,2,Ametista,7.8317974025,0.5638,Médio
RA-382,Aluno-382,4,Quartzo,5.805712280733333,0.5638,Médio
RA-1043,Aluno-1043,1,Ametista,7.539847562500002,0.5629,Médio
RA-646,Aluno-646,3,Ametista,7.715491666666668,0.5628,Médio
RA-1568,Aluno-1568,4,Ametista,7.8003261438,0.5621,Médio
RA-470,Aluno-470,4,Agata,6.981130848,0.5614,Médio
RA-1452,Aluno-1452,2,Topázio,8.6268666667,0.5614,Médio
RA-1468,Aluno-1468,2,Topázio,8.1281028822,0.5608,Médio
RA-1574,Aluno-1574,4,Ametista,7.777244180000001,0.5589,Médio
RA-898,Aluno-898,1,Ametista,7.8661333334,0.5581,Médio
RA-623,Aluno-623,3,Agata,6.357733333300001,0.5578,Médio
RA-571,Aluno-571,2,Agata,6.2964554347999995,0.5561,Médio
RA-704,Aluno-704,1,Agata,6.8121156785000005,0.5559,Médio
RA-893,Aluno-893,1,Topázio,8.8910333334,0.5559,Médio
RA-584,Aluno-584,3,Agata,6.752914393933334,0.5558,Médio
RA-352,Aluno-352,4,Quartzo,5.9794829346,0.5557,Médio
RA-424,Aluno-424,4,Ametista,7.341187280733334,0.5537,Médio
RA-594,Aluno-594,2,Agata,6.890966666600001,0.5533,Médio
RA-645,Aluno-645,2,Ametista,7.502239394,0.5527,Médio
RA-1093,Aluno-1093,3,Topázio,8.5079027778,0.5524,Médio
RA-408,Aluno-408,3,Agata,6.5276296297,0.5517,Médio
RA-1572,Aluno-1572,4,Topázio,8.080345634866667,0.5508,Médio
RA-1627,Aluno-1627,6,Ametista,7.481547222200001,0.5495,Médio
RA-1081,Aluno-1081,4,Topázio,8.5452952381,0.5494,Médio
RA-1077,Aluno-1077,3,Quartzo,5.543865740733334,0.5493,Médio
RA-1040,Aluno-1040,2,Ametista,7.764199999900001,0.549,Médio
RA-549,Aluno-549,2,Agata,6.5398187888,0.5488,Médio
RA-666,Aluno-666,3,Topázio,8.185838802933334,0.5486,Médio
RA-376,Aluno-376,3,Quartzo,5.896573588800001,0.548,Médio
RA-331,Aluno-331,3,Agata,6.231045707066668,0.5476,Médio
RA-458,Aluno-458,3,Quartzo,5.680161507933333,0.5475,Médio
RA-592,Aluno-592,3,Ametista,7.121622213600001,0.547,Médio
RA-1411,Aluno-1411,1,Agata,6.886950000000001,0.5467,Médio
RA-731,Aluno-731,2,Quartzo,4.7704873377000006,0.5466,Médio
RA-1474,Aluno-1474,2,Ametista,7.384207505200001,0.5442,Médio
RA-1436,Aluno-1436,1,Ametista,7.589914648100001,0.5418,Médio
RA-367,Aluno-367,4,Ametista,7.209434085200001,0.5411,Médio
RA-1402,Aluno-1402,1,Topázio,8.588040909100002,0.541,Médio
RA-1578,Aluno-1578,4,Ametista,7.880605848,0.5403,Médio
RA-632,Aluno-632,3,Ametista,7.515491249000001,0.539,Médio
RA-490,Aluno-490,3,Ametista,7.368084290266667,0.5381,Médio
RA-359,Aluno-359,4,Ametista,7.492006349133335,0.5378,Médio
RA-1136,Aluno-1136,3,Quartzo,5.458179831866667,0.5375,Médio
RA-796,Aluno-796,2,Ametista,7.052457703200001,0.5355,Médio
RA-1502,Aluno-1502,2,Agata,6.886091025600001,0.5353,Médio
RA-1504,Aluno-1504,2,Agata,6.057060605999999,0.5352,Médio
RA-111,Aluno-111,5,Topázio,8.667693939400001,0.5351,Médio
RA-237,Aluno-237,5,Ametista,7.931384271366667,0.535,Médio
RA-425,Aluno-425,4,Topázio,9.0166166667,0.5344,Médio
RA-716,Aluno-716,1,Agata,6.2372943675000005,0.5336,Médio
RA-250,Aluno-250,4,Topázio,9.049892592566668,0.5336,Médio
RA-1495,Aluno-1495,2,Topázio,8.4845030302,0.5325,Médio
RA-603,Aluno-603,3,Agata,6.942277777866667,0.5324,Médio
RA-500,Aluno-500,3,Topázio,8.077708333333334,0.532,Médio
RA-1440,Aluno-1440,1,Ametista,7.469102691500001,0.5318,Médio
RA-113,Aluno-113,5,Ametista,7.043536903066667,0.5312,Médio
RA-700,Aluno-700,1,Ametista,7.005745454500001,0.5311,Médio
RA-1624,Aluno-1624,6,Ametista,7.743213492066667,0.5307,Médio
RA-484,Aluno-484,3,Quartzo,3.8354776573333336,0.5306,Médio
RA-1461,Aluno-1461,2,Agata,6.871961904800001,0.5305,Médio
RA-855,Aluno-855,2,Topázio,8.578533333400001,0.5302,Médio
RA-605,Aluno-605,3,Agata,6.0175222222,0.5295,Médio
RA-1034,Aluno-1034,2,Topázio,8.0333666666,0.5294,Médio
RA-897,Aluno-897,0,Quartzo,5.2212050505,0.5291,Médio
RA-1098,Aluno-1098,3,Agata,6.5744562514,0.5289,Médio
RA-1227,Aluno-1227,7,Quartzo,4.8446,0.5288,Médio
RA-1230,Aluno-1230,7,Quartzo,4.7612000000000005,0.5285,Médio
RA-91,Aluno-91,6,Ametista,7.426704761933335,0.5284,Médio
RA-1649,Aluno-1649,9,,,0.5282,Médio
RA-1641,Aluno-1641,9,,,0.5282,Médio
RA-1660,Aluno-1660,9,,,0.5282,Médio
RA-1137,Aluno-1137,3,Ametista,7.1837526524666675,0.5282,Médio
RA-1638,Aluno-1638,9,,,0.5282,Médio
RA-1659,Aluno-1659,9,,,0.5282,Médio
RA-1658,Aluno-1658,9,,,0.5282,Médio
RA-1639,Aluno-1639,9,,,0.5282,Médio
RA-1657,Aluno-1657,9,,,0.5282,Médio
RA-1656,Aluno-1656,9,,,0.5282,Médio
RA-1655,Aluno-1655,9,,,0.5282,Médio
RA-1640,Aluno-1640,9,,,0.5282,Médio
RA-1642,Aluno-1642,9,,,0.5282,Médio
RA-1650,Aluno-1650,9,,,0.5282,Médio
RA-1643,Aluno-1643,9,,,0.5282,Médio
RA-1654,Aluno-1654,9,,,0.5282,Médio
RA-1644,Aluno-1644,9,,,0.5282,Médio
RA-1645,Aluno-1645,9,,,0.5282,Médio
RA-1646,Aluno-1646,9,,,0.5282,Médio
RA-1653,Aluno-1653,9,,,0.5282,Médio
RA-1652,Aluno-1652,9,,,0.5282,Médio
RA-1647,Aluno-1647,9,,,0.5282,Médio
RA-1651,Aluno-1651,9,,,0.5282,Médio
RA-1648,Aluno-1648,9,,,0.5282,Médio
RA-1637,Aluno-1637,9,,,0.5282,Médio
RA-1661,Aluno-1661,9,,,0.5282,Médio
RA-1547,Aluno-1547,3,Agata,6.748480626800001,0.5268,Médio
RA-171,Aluno-171,6,Ametista,7.328933333333333,0.5268,Médio
RA-1460,Aluno-1460,2,Agata,6.784805263200001,0.5264,Médio
RA-956,Aluno-956,1,Agata,6.1175906455,0.5262,Médio
RA-1029,Aluno-1029,1,Ametista,7.797790909100001,0.526,Médio
RA-387,Aluno-387,3,Agata,6.125500000000001,0.526,Médio
RA-1614,Aluno-1614,5,Agata,6.787898989933334,0.525,Médio
RA-125,Aluno-125,6,Agata,6.627079761933334,0.525,Médio
RA-286,Aluno-286,5,Quartzo,5.123180882333333,0.5246,Médio
RA-1520,Aluno-1520,3,Ametista,7.0026462121333335,0.5245,Médio
RA-1414,Aluno-1414,1,Topázio,8.840007359300001,0.5244,Médio
RA-777,Aluno-777,2,Ametista,7.563515408100001,0.5235,Médio
RA-955,Aluno-955,1,Agata,6.245452381,0.5234,Médio
RA-360,Aluno-360,3,Agata,6.293175689166667,0.5226,Médio
RA-251,Aluno-251,5,Agata,6.7135006212,0.5223,Médio
RA-1533,Aluno-1533,3,Topázio,9.089828985533336,0.5221,Médio
RA-1229,Aluno-1229,7,Quartzo,4.8238,0.5217,Médio
RA-1563,Aluno-1563,4,Ametista,7.604211111133335,0.5215,Médio
RA-202,Aluno-202,5,Ametista,7.3512154762,0.5215,Médio
RA-305,Aluno-305,4,Agata,6.693026811600001,0.5213,Médio
RA-680,Aluno-680,2,Quartzo,4.9800714287000005,0.5212,Médio
RA-493,Aluno-493,3,Ametista,7.464325,0.5209,Médio
RA-1017,Aluno-1017,2,Ametista,7.345521428500001,0.5205,Médio
RA-244,Aluno-244,5,Topázio,8.7225,0.5204,Médio
RA-347,Aluno-347,4,Topázio,8.384742583733333,0.5202,Médio
RA-729,Aluno-729,0,Agata,6.684533333300001,0.5202,Médio
RA-1423,Aluno-1423,1,Agata,6.403450000000001,0.5199,Médio
RA-1156,Aluno-1156,4,Agata,6.6777135642,0.5198,Médio
RA-1527,Aluno-1527,3,Topázio,8.631675000000001,0.5186,Médio
RA-170,Aluno-170,4,Ametista,7.646383333300001,0.518,Médio
RA-665,Aluno-665,2,Quartzo,5.698703030200001,0.5179,Médio
RA-1409,Aluno-1409,1,Ametista,7.863131818100001,0.5175,Médio
RA-614,Aluno-614,3,Ametista,7.8284999999666685,0.5168,Médio
RA-1119,Aluno-1119,3,Ametista,7.388266666666667,0.5166,Médio
RA-1031,Aluno-1031,1,Agata,6.8757227273,0.5163,Médio
RA-57,Aluno-57,7,Ametista,7.4193804302,0.5163,Médio
RA-672,Aluno-672,1,Quartzo,4.2118138341,0.5146,Médio
RA-1418,Aluno-1418,1,Ametista,7.7352909091000015,0.5141,Médio
RA-480,Aluno-480,2,Ametista,7.260202380900001,0.514,Médio
RA-1254,Aluno-1254,9,,,0.514,Médio
RA-1235,Aluno-1235,9,,,0.514,Médio
RA-1252,Aluno-1252,9,,,0.514,Médio
RA-1267,Aluno-1267,9,,,0.514,Médio
RA-1232,Aluno-1232,9,,,0.514,Médio
RA-1258,Aluno-1258,9,,,0.514,Médio
RA-1233,Aluno-1233,9,,,0.514,Médio
RA-1231,Aluno-1231,9,,,0.514,Médio
RA-1266,Aluno-1266,9,,,0.514,Médio
RA-1260,Aluno-1260,9,,,0.514,Médio
RA-1268,Aluno-1268,9,,,0.514,Médio
RA-1238,Aluno-1238,9,,,0.514,Médio
RA-1237,Aluno-1237,9,,,0.514,Médio
RA-636,Aluno-636,2,Agata,6.3802279106,0.5129,Médio
RA-967,Aluno-967,1,Quartzo,5.442610714300001,0.5128,Médio
RA-1561,Aluno-1561,4,Ametista,7.940220634933333,0.5125,Médio
RA-1032,Aluno-1032,1,Topázio,8.01645,0.5121,Médio
RA-669,Aluno-669,3,Agata,6.6438703703,0.5117,Médio
RA-423,Aluno-423,3,Agata,6.616193704866666,0.5111,Médio
RA-1496,Aluno-1496,2,Agata,6.7799738095,0.5108,Médio
RA-1036,Aluno-1036,2,Topázio,8.2841303831,0.5105,Médio
RA-1576,Aluno-1576,4,Ametista,7.463620238066667,0.51,Médio
RA-1473,Aluno-1473,2,Agata,6.689320600500001,0.5098,Médio
RA-1500,Aluno-1500,2,Ametista,7.360450000100002,0.5089,Médio
RA-402,Aluno-402,4,Quartzo,5.683064814833333,0.5088,Médio
RA-1491,Aluno-1491,2,Ametista,7.5072,0.5072,Médio
RA-132,Aluno-132,6,Topázio,8.4746321428,0.5071,Médio
RA-1095,Aluno-1095,3,Agata,6.108547514666667,0.5065,Médio
RA-788,Aluno-788,2,Ametista,7.9221068268,0.5063,Médio
RA-1526,Aluno-1526,3,Ametista,7.9798,0.5063,Médio
RA-847,Aluno-847,1,Quartzo,5.009290909100001,0.506,Médio
RA-1015,Aluno-1015,2,Agata,6.643252381000002,0.5054,Médio
RA-1070,Aluno-1070,1,Agata,6.287171861500001,0.5054,Médio
RA-1198,Aluno-1198,5,Agata,6.9217748918,0.5052,Médio
RA-643,Aluno-643,2,Agata,6.402239075100001,0.5048,Médio
RA-127,Aluno-127,5,Topázio,8.5605939394,0.5025,Médio
RA-1629,Aluno-1629,6,Ametista,7.560550529133334,0.5024,Médio
RA-1021,Aluno-1021,1,Topázio,8.0985863636,0.5009,Médio
RA-851,Aluno-851,1,Agata,6.2114602109,0.5003,Médio
RA-1617,Aluno-1617,5,Quartzo,4.926285714266666,0.4998,Médio
RA-1603,Aluno-1603,5,Ametista,7.836518518466668,0.4993,Médio
RA-968,Aluno-968,1,Ametista,7.8403547619,0.4992,Médio
RA-935,Aluno-935,0,Topázio,8.3422,0.499,Médio
RA-837,Aluno-837,2,Ametista,7.9648467391,0.4989,Médio
RA-48,Aluno-48,7,Topázio,8.402390371800001,0.4988,Médio
RA-1449,Aluno-1449,1,Ametista,7.214341666700001,0.4987,Médio
RA-638,Aluno-638,2,Agata,6.7464878789,0.4976,Médio
RA-1141,Aluno-1141,3,Agata,6.793890866866667,0.4974,Médio
RA-712,Aluno-712,2,Agata,6.2236373706000006,0.497,Médio
RA-167,Aluno-167,6,Topázio,8.033470175466666,0.4969,Médio
RA-1508,Aluno-1508,2,Topázio,8.1804207793,0.4968,Médio
RA-878,Aluno-878,1,Agata,6.5335560606000005,0.4962,Médio
RA-1479,Aluno-1479,2,Agata,6.615766239300001,0.496,Médio
RA-80,Aluno-80,7,Topázio,8.131659175733333,0.4956,Médio
RA-1417,Aluno-1417,1,Ametista,7.7436242424,0.4943,Médio
RA-301,Aluno-301,4,Topázio,8.410830701766667,0.4936,Médio
RA-938,Aluno-938,0,Topázio,8.0056026915,0.4923,Médio
RA-1472,Aluno-1472,2,Topázio,8.773575000000001,0.4922,Médio
RA-1493,Aluno-1493,2,Agata,6.378661323900001,0.4912,Médio
RA-516,Aluno-516,3,Topázio,8.384033333366668,0.4912,Médio
RA-580,Aluno-580,2,Ametista,7.9281521222,0.4902,Médio
RA-514,Aluno-514,2,Agata,6.219580952400001,0.49,Médio
RA-1546,Aluno-1546,3,Agata,6.900662108266667,0.4878,Médio
RA-714,Aluno-714,2,Quartzo,5.4653662008,0.4872,Médio
RA-1458,Aluno-1458,2,Quartzo,5.879073684200001,0.4871,Médio
RA-1625,Aluno-1625,6,Agata,6.888194089266667,0.4869,Médio
RA-1100,Aluno-1100,3,Agata,6.649708333333334,0.4863,Médio
RA-1071,Aluno-1071,2,Quartzo,4.8048623378,0.4859,Médio
RA-1621,Aluno-1621,5,Topázio,8.107033333366667,0.4859,Médio
RA-774,Aluno-774,0,Quartzo,5.685771428600001,0.485,Médio
RA-499,Aluno-499,2,Ametista,7.5794738095,0.4849,Médio
RA-794,Aluno-794,1,Ametista,7.145652380900001,0.4849,Médio
RA-738,Aluno-738,1,Ametista,7.2626980238,0.4848,Médio
RA-319,Aluno-319,5,Ametista,7.948699561466667,0.4838,Médio
RA-1543,Aluno-1543,3,Agata,6.754584615400001,0.4834,Médio
RA-45,Aluno-45,7,Topázio,8.743476190400001,0.4818,Médio
RA-1531,Aluno-1531,3,Ametista,7.0491790134,0.4816,Médio
RA-1506,Aluno-1506,2,Ametista,7.151855844200001,0.4813,Médio
RA-94,Aluno-94,6,Topázio,8.637033333333335,0.4811,Médio
RA-715,Aluno-715,2,Quartzo,5.3098253133,0.481,Médio
RA-1424,Aluno-1424,1,Ametista,7.5543388889,0.4806,Médio
RA-1560,Aluno-1560,4,Topázio,8.4721031746,0.4806,Médio
RA-1622,Aluno-1622,5,Topázio,8.429066666633334,0.4796,Médio
RA-1582,Aluno-1582,4,Agata,6.472788888966667,0.4793,Médio
RA-1565,Aluno-1565,4,Quartzo,5.816448179266667,0.4793,Médio
RA-1529,Aluno-1529,3,Agata,6.710079487200001,0.4762,Médio
RA-474,Aluno-474,3,Agata,6.024753703733333,0.4746,Médio
RA-1470,Aluno-1470,2,Quartzo,5.967421532000001,0.4738,Médio
RA-798,Aluno-798,2,Quartzo,4.6743653679,0.473,Médio
RA-1459,Aluno-1459,2,Agata,6.665390476100001,0.4727,Médio
RA-964,Aluno-964,1,Ametista,7.548241666600001,0.4721,Médio
RA-112,Aluno-112,6,Topázio,8.052609920666667,0.4714,Médio
RA-706,Aluno-706,2,Quartzo,5.8701964286,0.47,Médio
RA-518,Aluno-518,3,Agata,6.3467483709,0.4697,Médio
RA-556,Aluno-556,3,Quartzo,5.833377380933333,0.4697,Médio
RA-639,Aluno-639,3,Quartzo,5.7693807644,0.4693,Médio
RA-1608,Aluno-1608,5,Ametista,7.072539814866667,0.4693,Médio
RA-93,Aluno-93,7,Topázio,8.275550000066668,0.4691,Médio
RA-1079,Aluno-1079,3,Quartzo,5.4253413299333335,0.4689,Médio
RA-1435,Aluno-1435,1,Ametista,7.7196166667,0.4684,Médio
RA-555,Aluno-555,3,Quartzo,5.111470186333333,0.4684,Médio
RA-1060,Aluno-1060,2,Agata,6.448416666600001,0.4679,Médio
RA-542,Aluno-542,3,Agata,6.7205649586,0.4674,Médio
RA-1548,Aluno-1548,3,Agata,6.482499715066667,0.4671,Médio
RA-559,Aluno-559,3,Agata,6.158158974333333,0.4667,Médio
RA-727,Aluno-727,1,Topázio,8.447003030300001,0.4664,Médio
RA-799,Aluno-799,2,Ametista,7.702648484900001,0.466,Médio
RA-183,Aluno-183,4,Topázio,8.266902371533334,0.4657,Médio
RA-175,Aluno-175,6,Topázio,8.024136842133334,0.4655,Médio
RA-308,Aluno-308,5,Ametista,7.489282456133334,0.4655,Médio
RA-389,Aluno-389,3,Ametista,7.2079551282,0.465,Médio
RA-1160,Aluno-1160,3,Agata,6.274190982333334,0.465,Médio
RA-820,Aluno-820,2,Ametista,7.426572549100001,0.4645,Médio
RA-606,Aluno-606,2,Agata,6.645260606100001,0.4645,Médio
RA-227,Aluno-227,3,Topázio,8.074015455333335,0.4641,Médio
RA-1106,Aluno-1106,3,Quartzo,5.936272086266667,0.4641,Médio
RA-1550,Aluno-1550,3,Agata,6.064236111066667,0.464,Médio
RA-1481,Aluno-1481,2,Agata,6.860721739100001,0.4639,Médio
RA-1513,Aluno-1513,2,Agata,6.5509171717,0.4637,Médio
RA-1184,Aluno-1184,5,Ametista,7.411701731566668,0.4636,Médio
RA-805,Aluno-805,1,Agata,6.9375869048,0.4616,Médio
RA-1483,Aluno-1483,2,Ametista,7.311433695700001,0.4616,Médio
RA-1107,Aluno-1107,3,Quartzo,5.9731,0.4612,Médio
RA-752,Aluno-752,2,Agata,6.57279265,0.4607,Médio
RA-1501,Aluno-1501,2,Topázio,8.04495,0.4601,Médio
RA-607,Aluno-607,2,Ametista,7.6486021739,0.4595,Médio
RA-991,Aluno-991,1,Ametista,7.057230303000001,0.4595,Médio
RA-1349,Aluno-1349,0,Ametista,7.855727777800001,0.4582,Médio
RA-792,Aluno-792,1,Agata,6.036012253,0.4577,Médio
RA-583,Aluno-583,3,Ametista,7.447591035933334,0.4571,Médio
RA-1112,Aluno-1112,3,Agata,6.8560823939999995,0.4568,Médio
RA-642,Aluno-642,3,Ametista,7.082591269866667,0.4563,Médio
RA-165,Aluno-165,5,Topázio,8.4627502436,0.4562,Médio
RA-620,Aluno-620,3,Quartzo,5.766892063566667,0.455,Médio
RA-1130,Aluno-1130,3,Agata,6.563952941199999,0.4538,Médio
RA-1598,Aluno-1598,5,Topázio,8.4656285714,0.4536,Médio
RA-204,Aluno-204,4,Ametista,7.838218894866668,0.4525,Médio
RA-989,Aluno-989,1,Ametista,7.3743785714,0.4522,Médio
RA-707,Aluno-707,2,Agata,6.4975618421000005,0.4521,Médio
RA-836,Aluno-836,1,Agata,6.0234537878,0.4514,Médio
RA-368,Aluno-368,3,Agata,6.782158333333333,0.4514,Médio
RA-1354,Aluno-1354,0,Ametista,7.353427272700001,0.4514,Médio
RA-211,Aluno-211,5,Topázio,8.283601875933334,0.451,Médio
RA-1415,Aluno-1415,1,Ametista,7.3712454546,0.4506,Médio
RA-653,Aluno-653,3,Topázio,8.103217647033333,0.4506,Médio
RA-1220,Aluno-1220,6,Ametista,7.143244444466667,0.4502,Médio
RA-119,Aluno-119,7,Topázio,8.085299999933333,0.4495,Médio
RA-1207,Aluno-1207,5,Agata,6.509169736866667,0.4475,Médio
RA-1632,Aluno-1632,6,Topázio,8.389333333333335,0.4468,Médio
RA-260,Aluno-260,4,Topázio,8.448920634933334,0.4463,Médio
RA-699,Aluno-699,1,Agata,6.427771212000001,0.4451,Médio
RA-710,Aluno-710,2,Ametista,7.0366241342,0.4445,Médio
RA-1489,Aluno-1489,2,Quartzo,5.9842289855000015,0.4443,Médio
RA-1355,Aluno-1355,0,Ametista,7.202245454500001,0.4442,Médio
RA-853,Aluno-853,1,Ametista,7.986866666600001,0.4441,Médio
RA-1115,Aluno-1115,2,Agata,6.570068686900001,0.4441,Médio
RA-821,Aluno-821,2,Agata,6.643866666600001,0.4434,Médio
RA-1076,Aluno-1076,3,Ametista,7.479598365200001,0.4432,Médio
RA-1066,Aluno-1066,2,Ametista,7.9326223603,0.4431,Médio
RA-1421,Aluno-1421,1,Ametista,7.126922222200001,0.4431,Médio
RA-320,Aluno-320,5,Topázio,8.442258333333335,0.4428,Médio
RA-147,Aluno-147,5,Ametista,7.400477922133334,0.4425,Médio
RA-1507,Aluno-1507,2,Quartzo,5.046077056300001,0.4413,Médio
RA-1536,Aluno-1536,3,Ametista,7.653744444466668,0.441,Médio
RA-1111,Aluno-1111,3,Agata,6.116032815733334,0.4401,Médio
RA-1426,Aluno-1426,1,Quartzo,5.8367476190000005,0.4393,Médio
RA-629,Aluno-629,2,Topázio,8.061295238200001,0.4391,Médio
RA-693,Aluno-693,1,Topázio,8.9079954545,0.4384,Médio
RA-1553,Aluno-1553,3,Ametista,7.641184313700001,0.4377,Médio
RA-761,Aluno-761,2,Topázio,8.174593939300001,0.4368,Médio
RA-404,Aluno-404,3,Agata,6.624588235266668,0.4362,Médio
RA-833,Aluno-833,2,Topázio,8.5184577641,0.4361,Médio
RA-526,Aluno-526,3,Ametista,7.843157894833334,0.4345,Médio
RA-655,Aluno-655,3,Topázio,8.238600000066668,0.4344,Médio
RA-1544,Aluno-1544,3,Agata,6.905568627466667,0.4339,Médio
RA-1378,Aluno-1378,0,Ametista,7.6703428571,0.4338,Médio
RA-339,Aluno-339,4,Ametista,7.711540746133334,0.4336,Médio
RA-599,Aluno-599,3,Topázio,8.3569352941,0.4328,Médio
RA-409,Aluno-409,3,Topázio,8.225462962900002,0.4314,Médio
RA-316,Aluno-316,5,Topázio,8.708925,0.4308,Médio
RA-841,Aluno-841,2,Agata,6.035771224300001,0.4305,Médio
RA-1488,Aluno-1488,2,Agata,6.7668935818000016,0.4292,Médio
RA-698,Aluno-698,2,Ametista,7.3363190476,0.429,Médio
RA-1226,Aluno-1226,7,Ametista,7.785233333333334,0.4288,Médio
RA-1044,Aluno-1044,2,Ametista,7.966711904800001,0.4288,Médio
RA-534,Aluno-534,3,Ametista,7.088855054266667,0.4283,Médio
RA-1534,Aluno-1534,3,Ametista,7.188366666666667,0.4275,Médio
RA-356,Aluno-356,4,Agata,6.627336016533334,0.4265,Médio
RA-538,Aluno-538,3,Agata,6.514094017066666,0.4262,Médio
RA-434,Aluno-434,3,Agata,6.610947619100001,0.426,Médio
RA-535,Aluno-535,3,Ametista,7.659555952400001,0.424,Médio
RA-681,Aluno-681,1,Agata,6.0398818182000005,0.4238,Médio
RA-78,Aluno-78,7,Topázio,8.1780308688,0.4228,Médio
RA-1588,Aluno-1588,4,Ametista,7.303823728133333,0.4227,Médio
RA-1174,Aluno-1174,5,Ametista,7.374213419866667,0.4226,Médio
RA-369,Aluno-369,3,Quartzo,5.667282265,0.4207,Médio
RA-600,Aluno-600,2,Ametista,7.847373913,0.4203,Médio
RA-1168,Aluno-1168,3,Agata,6.864053921600001,0.4198,Médio
RA-1340,Aluno-1340,0,Topázio,8.3422714286,0.4196,Médio
RA-1477,Aluno-1477,2,Ametista,7.0514989130000005,0.4196,Médio
RA-931,Aluno-931,0,Ametista,7.075466666700001,0.4194,Médio
RA-763,Aluno-763,1,Agata,6.984760606,0.4192,Médio
RA-1486,Aluno-1486,2,Agata,6.865474509900001,0.4192,Médio
RA-1444,Aluno-1444,1,Agata,6.610588888900001,0.4187,Médio
RA-1030,Aluno-1030,2,Ametista,7.740191604,0.4186,Médio
RA-1512,Aluno-1512,2,Topázio,8.10445,0.4184,Médio
RA-433,Aluno-433,3,Ametista,7.218157142866668,0.4183,Médio
RA-1069,Aluno-1069,2,Ametista,7.678917391300001,0.4177,Médio
RA-1094,Aluno-1094,3,Topázio,8.0164785714,0.4166,Médio
RA-189,Aluno-189,5,Topázio,8.586533333333334,0.416,Médio
RA-1628,Aluno-1628,6,Ametista,7.500131368600001,0.4158,Médio
RA-1514,Aluno-1514,2,Ametista,7.520576262600001,0.4158,Médio
RA-1341,Aluno-1341,0,Ametista,7.862906349200001,0.4155,Médio
RA-1169,Aluno-1169,4,Agata,6.885305555533334,0.4155,Médio
RA-517,Aluno-517,3,Quartzo,5.880466583166668,0.4124,Médio
RA-1039,Aluno-1039,2,Ametista,7.549644444400001,0.4116,Médio
RA-1480,Aluno-1480,2,Ametista,7.09445,0.4111,Médio
RA-98,Aluno-98,7,Topázio,8.617450000000002,0.4106,Médio
RA-1626,Aluno-1626,6,Topázio,8.541085606066668,0.4099,Médio
RA-1108,Aluno-1108,3,Agata,6.017215010400001,0.4092,Médio
RA-1320,Aluno-1320,0,Ametista,7.8845333333,0.409,Médio
RA-1623,Aluno-1623,6,Ametista,7.7609537037333345,0.4089,Médio
RA-982,Aluno-982,1,Topázio,8.119860173100001,0.4083,Médio
RA-859,Aluno-859,1,Topázio,8.5817909091,0.4075,Médio
RA-403,Aluno-403,3,Topázio,8.008488888833334,0.4059,Médio
RA-346,Aluno-346,3,Ametista,7.761749603200001,0.4059,Médio
RA-1027,Aluno-1027,2,Topázio,8.220866666700001,0.4053,Médio
RA-178,Aluno-178,5,Ametista,7.234168831200001,0.4031,Médio
RA-536,Aluno-536,3,Ametista,7.7704681818,0.402,Médio
RA-166,Aluno-166,7,Topázio,8.243183333333334,0.4019,Médio
RA-1441,Aluno-1441,1,Topázio,8.961646169800002,0.4015,Médio
RA-215,Aluno-215,5,Ametista,7.045258874400002,0.4013,Médio
RA-1381,Aluno-1381,0,Topázio,9.038200000000002,0.3999,Médio
RA-656,Aluno-656,3,Agata,6.668152941266667,0.3998,Médio
RA-1367,Aluno-1367,0,Topázio,8.427286956500001,0.3993,Médio
RA-123,Aluno-123,6,Agata,6.887248015866668,0.3987,Médio
RA-247,Aluno-247,4,Agata,6.646485739800001,0.3979,Médio
RA-1139,Aluno-1139,3,Agata,6.906276357600001,0.3973,Médio
RA-975,Aluno-975,0,Ametista,7.1463666667000005,0.3973,Médio
RA-630,Aluno-630,2,Agata,6.879985507300001,0.3952,Médio
RA-1063,Aluno-1063,2,Ametista,7.279250000000001,0.3952,Médio
RA-106,Aluno-106,6,Ametista,7.721664285733334,0.395,Médio
RA-1189,Aluno-1189,5,Ametista,7.6486387164,0.3949,Médio
RA-986,Aluno-986,1,Topázio,8.2603406926,0.3947,Médio
RA-236,Aluno-236,4,Agata,6.980833740133334,0.3942,Médio
RA-597,Aluno-597,2,Ametista,7.843291097300001,0.3935,Médio
RA-1214,Aluno-1214,7,Topázio,8.5902971362,0.3933,Médio
RA-42,Aluno-42,6,Ametista,7.656628769866667,0.3929,Médio
RA-946,Aluno-946,0,Agata,6.677723809500001,0.3927,Médio
RA-1352,Aluno-1352,0,Topázio,8.289950000000001,0.3921,Médio
RA-928,Aluno-928,1,Topázio,8.8733666667,0.3921,Médio
RA-1121,Aluno-1121,3,Topázio,8.407166666633334,0.3921,Médio
RA-1314,Aluno-1314,0,Topázio,8.239799999999999,0.3917,Médio
RA-667,Aluno-667,3,Ametista,7.177130604266668,0.3911,Médio
RA-900,Aluno-900,1,Topázio,8.802003030200002,0.3902,Médio
RA-814,Aluno-814,2,Ametista,7.971648484800001,0.3898,Médio
RA-1499,Aluno-1499,2,Ametista,7.914800000000001,0.3896,Médio
RA-961,Aluno-961,1,Agata,6.529417908900001,0.3892,Médio
RA-860,Aluno-860,1,Topázio,8.7738666667,0.3891,Médio
RA-952,Aluno-952,1,Topázio,8.853624242300002,0.389,Médio
RA-921,Aluno-921,0,Ametista,7.2838203209,0.389,Médio
RA-626,Aluno-626,3,Agata,6.407590225500001,0.3881,Médio
RA-562,Aluno-562,3,Topázio,8.392733333333334,0.3877,Médio
RA-1038,Aluno-1038,2,Ametista,7.9646385965,0.3877,Médio
RA-81,Aluno-81,6,Topázio,8.256566666666668,0.3874,Médio
RA-1557,Aluno-1557,3,Topázio,8.228500000033334,0.3866,Médio
RA-1462,Aluno-1462,2,Ametista,7.6243666666,0.3863,Médio
RA-787,Aluno-787,0,Ametista,7.73495,0.3861,Médio
RA-26,Aluno-26,8,,,0.3854,Médio
RA-1225,Aluno-1225,8,,,0.3854,Médio
RA-797,Aluno-797,2,Agata,6.597315151500001,0.3851,Médio
RA-1581,Aluno-1581,4,Agata,6.9787022855,0.3848,Médio
RA-496,Aluno-496,3,Agata,6.726607507733334,0.3841,Médio
RA-414,Aluno-414,3,Ametista,7.187625925933334,0.3837,Médio
RA-1362,Aluno-1362,0,Ametista,7.709200000000001,0.3834,Médio
RA-960,Aluno-960,1,Quartzo,5.286047619,0.3821,Médio
RA-1515,Aluno-1515,2,Quartzo,5.832133333300001,0.3815,Médio
RA-943,Aluno-943,1,Topázio,8.965033333300001,0.3813,Médio
RA-428,Aluno-428,4,Ametista,7.534949122800001,0.3813,Médio
RA-926,Aluno-926,1,Ametista,7.7830787878,0.3811,Médio
RA-899,Aluno-899,1,Topázio,8.425024769300002,0.381,Médio
RA-1353,Aluno-1353,0,Agata,6.454700000000001,0.3808,Médio
RA-1552,Aluno-1552,3,Ametista,7.443301282066667,0.3808,Médio
RA-1360,Aluno-1360,0,Agata,6.8480623189,0.3807,Médio
RA-1181,Aluno-1181,5,Agata,6.2015816738666665,0.3797,Médio
RA-958,Aluno-958,1,Topázio,9.531325,0.3796,Médio
RA-1395,Aluno-1395,1,Topázio,8.5997833334,0.3789,Médio
RA-1072,Aluno-1072,3,Ametista,7.8153856754,0.3788,Médio
RA-1471,Aluno-1471,2,Ametista,7.404455434800001,0.3778,Médio
RA-1370,Aluno-1370,0,Topázio,8.0456444444,0.3776,Médio
RA-927,Aluno-927,1,Ametista,7.9921696969,0.3776,Médio
RA-624,Aluno-624,2,Ametista,7.229425672900001,0.3767,Médio
RA-1114,Aluno-1114,3,Ametista,7.437466666666667,0.3764,Médio
RA-1012,Aluno-1012,0,Topázio,8.057128571400002,0.3753,Médio
RA-110,Aluno-110,5,Topázio,8.6324939394,0.3749,Médio
RA-954,Aluno-954,1,Topázio,8.2823798419,0.3748,Médio
RA-861,Aluno-861,0,Topázio,8.959700000000002,0.3747,Médio
RA-1450,Aluno-1450,1,Ametista,7.405235714200002,0.3741,Médio
RA-59,Aluno-59,8,,,0.3737,Médio
RA-1555,Aluno-1555,3,Ametista,7.4827333334,0.3734,Médio
RA-1535,Aluno-1535,3,Ametista,7.109390969933334,0.3731,Médio
RA-1289,Aluno-1289,0,Ametista,7.2171722223,0.373,Médio
RA-461,Aluno-461,3,Ametista,7.5447559291,0.3729,Médio
RA-1259,Aluno-1259,8,,,0.3718,Médio
RA-1248,Aluno-1248,8,,,0.3718,Médio
RA-1250,Aluno-1250,8,,,0.3718,Médio
RA-1634,Aluno-1634,8,,,0.3718,Médio
RA-1270,Aluno-1270,8,,,0.3718,Médio
RA-1274,Aluno-1274,8,,,0.3718,Médio
RA-1244,Aluno-1244,8,,,0.3718,Médio
RA-1245,Aluno-1245,8,,,0.3718,Médio
RA-1272,Aluno-1272,8,,,0.3718,Médio
RA-1246,Aluno-1246,8,,,0.3718,Médio
RA-1633,Aluno-1633,8,,,0.3718,Médio
RA-1271,Aluno-1271,8,,,0.3718,Médio
RA-1234,Aluno-1234,8,,,0.3718,Médio
RA-1236,Aluno-1236,8,,,0.3718,Médio
RA-1261,Aluno-1261,8,,,0.3718,Médio
RA-17,Aluno-17,8,,,0.3718,Médio
RA-31,Aluno-31,8,,,0.3718,Médio
RA-1269,Aluno-1269,8,,,0.3718,Médio
RA-35,Aluno-35,8,,,0.3718,Médio
RA-1636,Aluno-1636,8,,,0.3718,Médio
RA-1241,Aluno-1241,8,,,0.3718,Médio
RA-1242,Aluno-1242,8,,,0.3718,Médio
RA-1253,Aluno-1253,8,,,0.3718,Médio
RA-1263,Aluno-1263,8,,,0.3718,Médio
RA-1251,Aluno-1251,8,,,0.3718,Médio
RA-1239,Aluno-1239,8,,,0.3718,Médio
RA-1249,Aluno-1249,8,,,0.3718,Médio
RA-1255,Aluno-1255,8,,,0.3718,Médio
RA-1635,Aluno-1635,8,,,0.3718,Médio
RA-1240,Aluno-1240,8,,,0.3718,Médio
RA-1264,Aluno-1264,8,,,0.3718,Médio
RA-1265,Aluno-1265,8,,,0.3718,Médio
RA-1262,Aluno-1262,8,,,0.3718,Médio
RA-1256,Aluno-1256,8,,,0.3718,Médio
RA-1257,Aluno-1257,8,,,0.3718,Médio
RA-412,Aluno-412,4,Topázio,8.044378070166667,0.3715,Médio
RA-947,Aluno-947,0,Agata,6.053509523800001,0.3711,Médio
RA-299,Aluno-299,5,Topázio,8.177186956533333,0.3698,Médio
RA-1595,Aluno-1595,4,Agata,6.6599304233000005,0.3697,Médio
RA-1475,Aluno-1475,2,Ametista,7.413901754400001,0.3693,Médio
RA-880,Aluno-880,0,Agata,6.853080434800001,0.3692,Médio
RA-21,Aluno-21,8,,,0.3687,Médio
RA-49,Aluno-49,8,,,0.3687,Médio
RA-29,Aluno-29,8,,,0.3687,Médio
RA-88,Aluno-88,8,,,0.3687,Médio
RA-14,Aluno-14,8,,,0.3687,Médio
RA-23,Aluno-23,8,,,0.3687,Médio
RA-2,Aluno-2,8,,,0.3687,Médio
RA-1497,Aluno-1497,2,Quartzo,5.2423787879,0.3674,Médio
RA-1216,Aluno-1216,8,,,0.3671,Médio
RA-1347,Aluno-1347,0,Agata,6.153842857100001,0.3661,Médio
RA-1,Aluno-1,8,,,0.3657,Médio
RA-25,Aluno-25,8,,,0.3657,Médio
RA-7,Aluno-7,8,,,0.3657,Médio
RA-12,Aluno-12,8,,,0.3657,Médio
RA-36,Aluno-36,8,,,0.3657,Médio
RA-13,Aluno-13,8,,,0.3657,Médio
RA-6,Aluno-6,8,,,0.3657,Médio
RA-918,Aluno-918,0,Quartzo,5.657357017600001,0.3653,Médio
RA-1177,Aluno-1177,5,Topázio,8.3233039474,0.3651,Médio
RA-1330,Aluno-1330,0,Topázio,8.944616666700002,0.365,Médio
RA-1373,Aluno-1373,0,Ametista,7.577286956500001,0.3642,Médio
RA-886,Aluno-886,0,Topázio,8.419200000000002,0.3642,Médio
RA-974,Aluno-974,0,Ametista,7.6077217391,0.3639,Médio
RA-1224,Aluno-1224,8,,,0.3638,Médio
RA-608,Aluno-608,2,Quartzo,5.778986231800001,0.3635,Médio
RA-1303,Aluno-1303,0,Topázio,8.8352,0.3629,Médio
RA-908,Aluno-908,0,Agata,6.764292246,0.3623,Médio
RA-521,Aluno-521,2,Ametista,7.4798428572,0.3619,Médio
RA-398,Aluno-398,3,Ametista,7.2457999999666685,0.3615,Médio
RA-770,Aluno-770,0,Ametista,7.3057112782,0.3613,Médio
RA-1374,Aluno-1374,0,Ametista,7.3707652174,0.3611,Médio
RA-1359,Aluno-1359,0,Ametista,7.2102,0.3606,Médio
RA-1619,Aluno-1619,5,Ametista,7.393951851866667,0.3605,Médio
RA-19,Aluno-19,8,,,0.36,Médio
RA-1400,Aluno-1400,1,Ametista,7.622839525700001,0.359,Médio
RA-1008,Aluno-1008,0,Agata,6.8667414438000005,0.359,Médio
RA-158,Aluno-158,5,Agata,6.855159259266667,0.3579,Médio
RA-1317,Aluno-1317,0,Ametista,7.665638502700001,0.3578,Médio
RA-1295,Aluno-1295,0,Topázio,8.0617454545,0.3578,Médio
RA-1285,Aluno-1285,0,Topázio,8.156578882000002,0.3554,Médio
RA-771,Aluno-771,0,Agata,6.066009523800001,0.3546,Médio
RA-949,Aluno-949,0,Ametista,7.1323428571,0.3544,Médio
RA-1302,Aluno-1302,0,Quartzo,5.758866666800001,0.3544,Médio
RA-1288,Aluno-1288,0,Ametista,7.9208899585,0.3533,Médio
RA-524,Aluno-524,3,Ametista,7.026322556366667,0.3532,Médio
RA-1346,Aluno-1346,0,Ametista,7.3701047619,0.3531,Médio
RA-1336,Aluno-1336,0,Ametista,7.141365631500001,0.353,Médio
RA-959,Aluno-959,0,Topázio,8.379818421100001,0.3527,Médio
RA-217,Aluno-217,5,Ametista,7.4209164502,0.3522,Médio
RA-1342,Aluno-1342,0,Ametista,7.8185809524,0.3521,Médio
RA-573,Aluno-573,3,Ametista,7.839050000000001,0.352,Médio
RA-1494,Aluno-1494,2,Quartzo,5.8748823529,0.3519,Médio
RA-863,Aluno-863,0,Quartzo,4.6684348484,0.3519,Médio
RA-978,Aluno-978,0,Ametista,7.4637,0.3511,Médio
RA-1338,Aluno-1338,0,Agata,6.1368428571,0.3507,Médio
RA-527,Aluno-527,2,Topázio,8.1403666666,0.3505,Médio
RA-1019,Aluno-1019,1,Topázio,8.692255194900001,0.35,Médio
RA-1090,Aluno-1090,3,Ametista,7.7652831384,0.3496,Médio
RA-325,Aluno-325,3,Topázio,8.385133333233336,0.3493,Médio
RA-1361,Aluno-1361,0,Topázio,8.738700000000001,0.3489,Médio
RA-1602,Aluno-1602,5,Topázio,8.041889814800001,0.348,Médio
RA-1297,Aluno-1297,0,Ametista,7.620247619000001,0.3476,Médio
RA-1318,Aluno-1318,0,Agata,6.823383155100001,0.3476,Médio
RA-1306,Aluno-1306,0,Topázio,8.503033333400001,0.3473,Médio
RA-459,Aluno-459,4,Ametista,7.233804589400001,0.3472,Médio
RA-531,Aluno-531,3,Ametista,7.912792647066667,0.3467,Médio
RA-271,Aluno-271,5,Ametista,7.400633333333334,0.3466,Médio
RA-1127,Aluno-1127,3,Topázio,8.180966666666668,0.3464,Médio
RA-547,Aluno-547,3,Ametista,7.210290672333333,0.3463,Médio
RA-1154,Aluno-1154,3,Ametista,7.566075,0.3463,Médio
RA-546,Aluno-546,3,Quartzo,5.702426010066667,0.3461,Médio
RA-1364,Aluno-1364,0,Ametista,7.570033333300001,0.3459,Médio
RA-1006,Aluno-1006,0,Ametista,7.040088888900001,0.3457,Médio
RA-951,Aluno-951,0,Agata,6.4483428571,0.3452,Médio
RA-1326,Aluno-1326,0,Ametista,7.6397833333,0.3442,Médio
RA-1404,Aluno-1404,1,Topázio,8.3971318182,0.3438,Médio
RA-528,Aluno-528,3,Ametista,7.276330075300001,0.3438,Médio
RA-604,Aluno-604,3,Ametista,7.429623555266667,0.3429,Médio
RA-977,Aluno-977,0,Ametista,7.188033333300001,0.3427,Médio
RA-925,Aluno-925,0,Agata,6.587019518800001,0.3415,Médio
RA-922,Aluno-922,1,Topázio,8.5209954545,0.3411,Médio
RA-1000,Aluno-1000,1,Topázio,8.364790909100002,0.3407,Médio
RA-953,Aluno-953,1,Ametista,7.961241502000001,0.34,Médio
RA-658,Aluno-658,3,Ametista,7.507033333333333,0.3396,Médio
RA-1388,Aluno-1388,0,Ametista,7.015057142799999,0.3393,Médio
RA-1379,Aluno-1379,0,Agata,6.638292105300001,0.339,Médio
RA-1365,Aluno-1365,0,Ametista,7.3700333333,0.3387,Médio
RA-363,Aluno-363,3,Ametista,7.617803571466666,0.3387,Médio
RA-854,Aluno-854,1,Ametista,7.826199999900001,0.3387,Médio
RA-1369,Aluno-1369,0,Topázio,8.052286956500001,0.3383,Médio
RA-1334,Aluno-1334,0,Topázio,8.350200000000001,0.3383,Médio
RA-1490,Aluno-1490,2,Ametista,7.3725768116,0.3382,Médio
RA-1344,Aluno-1344,0,Topázio,9.3612,0.3379,Médio
RA-904,Aluno-904,0,Ametista,7.6352,0.3377,Médio
RA-684,Aluno-684,1,Ametista,7.769381818200001,0.3371,Médio
RA-1376,Aluno-1376,0,Topázio,8.2742769231,0.3363,Médio
RA-895,Aluno-895,0,Topázio,8.2579575757,0.336,Médio
RA-613,Aluno-613,3,Ametista,7.4019,0.3355,Médio
RA-930,Aluno-930,0,Ametista,7.9298184211,0.3353,Médio
RA-1368,Aluno-1368,0,Topázio,8.6012,0.3349,Médio
RA-1390,Aluno-1390,0,Topázio,8.4930333333,0.334,Médio
RA-1391,Aluno-1391,0,Topázio,8.8435333333,0.3338,Médio
RA-1345,Aluno-1345,0,Ametista,7.2340128655,0.3338,Médio
RA-1131,Aluno-1131,3,Topázio,8.2889555555,0.3337,Médio
RA-1004,Aluno-1004,0,Ametista,7.801200000000001,0.3324,Médio
RA-1372,Aluno-1372,0,Ametista,7.9632,0.3323,Médio
RA-1377,Aluno-1377,0,Ametista,7.8987,0.3323,Médio
RA-1392,Aluno-1392,0,Quartzo,5.4262,0.3323,Médio
RA-1300,Aluno-1300,0,Ametista,7.623866666600001,0.332,Médio
RA-1325,Aluno-1325,0,Topázio,8.9824954545,0.3316,Médio
RA-1013,Aluno-1013,0,Quartzo,5.7839559808,0.3309,Médio
RA-92,Aluno-92,7,Topázio,8.052279017,0.3308,Médio
RA-941,Aluno-941,0,Ametista,7.746700000000001,0.3305,Médio
RA-789,Aluno-789,1,Topázio,8.0443904763,0.3304,Médio
RA-937,Aluno-937,0,Topázio,8.3792,0.3301,Médio
RA-1522,Aluno-1522,3,Topázio,8.3261,0.3299,Médio
RA-1366,Aluno-1366,0,Agata,6.919852173900001,0.3296,Médio
RA-1188,Aluno-1188,5,Ametista,7.801633333400001,0.3294,Médio
RA-1308,Aluno-1308,0,Agata,6.876997101400001,0.3291,Médio
RA-1446,Aluno-1446,1,Quartzo,5.9004061924,0.3291,Médio
RA-548,Aluno-548,3,Ametista,7.240168803466668,0.3274,Médio
RA-1358,Aluno-1358,0,Agata,6.552990476200001,0.3274,Médio
RA-509,Aluno-509,3,Agata,6.918152272733334,0.3271,Médio
RA-1102,Aluno-1102,3,Topázio,8.440611904733334,0.3269,Médio
RA-1122,Aluno-1122,3,Ametista,7.817322222166666,0.3268,Médio
RA-38,Aluno-38,8,,,0.3265,Médio
RA-39,Aluno-39,8,,,0.3265,Médio
RA-1328,Aluno-1328,0,Topázio,8.0588666667,0.3264,Médio
RA-155,Aluno-155,8,,,0.326,Médio
RA-972,Aluno-972,0,Ametista,7.537472727300001,0.3255,Médio
RA-896,Aluno-896,1,Topázio,8.2852454545,0.3251,Médio
RA-889,Aluno-889,0,Topázio,8.191290909100001,0.3248,Médio
RA-1301,Aluno-1301,0,Quartzo,5.6345333333,0.3247,Médio
RA-469,Aluno-469,3,Ametista,7.684639869300001,0.3247,Médio
RA-924,Aluno-924,0,Agata,6.4727360962,0.3247,Médio
RA-357,Aluno-357,3,Ametista,7.731569404200001,0.3246,Médio
RA-1323,Aluno-1323,0,Ametista,7.487366666700001,0.3241,Médio
RA-1117,Aluno-1117,3,Ametista,7.601562962866668,0.3236,Médio
RA-62,Aluno-62,8,,,0.3229,Médio
RA-1313,Aluno-1313,0,Topázio,8.0155333334,0.3219,Médio
RA-1014,Aluno-1014,0,Agata,6.315972727300001,0.3206,Médio
RA-1003,Aluno-1003,0,Ametista,7.627588888900001,0.3205,Médio
RA-1165,Aluno-1165,3,Ametista,7.908044272466667,0.3201,Médio
RA-884,Aluno-884,0,Topázio,8.0345030302,0.3199,Médio
RA-920,Aluno-920,0,Ametista,7.7494938597,0.3191,Médio
RA-888,Aluno-888,0,Topázio,8.1942,0.3179,Médio
RA-1293,Aluno-1293,0,Topázio,8.005023232300001,0.3178,Médio
RA-1284,Aluno-1284,0,Topázio,8.3800152174,0.3176,Médio
RA-1310,Aluno-1310,0,Topázio,8.3907833334,0.3176,Médio
RA-220,Aluno-220,5,Ametista,7.6987770562666675,0.3174,Médio
RA-1287,Aluno-1287,0,Ametista,7.619650310500001,0.3162,Médio
RA-1142,Aluno-1142,3,Topázio,8.390566666666668,0.3161,Médio
RA-96,Aluno-96,8,,,0.3159,Médio
RA-1541,Aluno-1541,3,Topázio,8.337,0.3156,Médio
RA-1273,Aluno-1273,8,,,0.3155,Médio
RA-375,Aluno-375,3,Ametista,7.970034615400001,0.3142,Médio
RA-981,Aluno-981,0,Agata,6.6513739130000005,0.314,Médio
RA-657,Aluno-657,3,Topázio,8.207433333400001,0.3136,Médio
RA-910,Aluno-910,1,Topázio,8.1163818182,0.3136,Médio
RA-1278,Aluno-1278,0,Quartzo,5.444199999900001,0.3134,Médio
RA-934,Aluno-934,0,Topázio,8.338700000000001,0.313,Médio
RA-1343,Aluno-1343,0,Topázio,8.8262,0.3125,Médio
RA-173,Aluno-173,8,,,0.3122,Médio
RA-1363,Aluno-1363,0,Ametista,7.690800000000001,0.3122,Médio
RA-27,Aluno-27,8,,,0.312,Médio
RA-1221,Aluno-1221,8,,,0.3114,Médio
RA-985,Aluno-985,1,Topázio,8.2432,0.3112,Médio
RA-1389,Aluno-1389,0,Topázio,8.980533333299999,0.3104,Médio
RA-1539,Aluno-1539,3,Ametista,7.709588888900001,0.3102,Médio
RA-868,Aluno-868,0,Ametista,7.156366666600001,0.3098,Médio
RA-1296,Aluno-1296,0,Ametista,7.0574222223000005,0.3087,Médio
RA-1393,Aluno-1393,0,Ametista,7.2597,0.3082,Médio
RA-1129,Aluno-1129,3,Ametista,7.360417647066668,0.3076,Médio
RA-885,Aluno-885,0,Topázio,8.2072,0.3067,Médio
RA-1615,Aluno-1615,5,Topázio,8.417533333333333,0.3067,Médio
RA-892,Aluno-892,1,Topázio,8.697700000000001,0.3066,Médio
RA-945,Aluno-945,0,Ametista,7.4195809524,0.306,Médio
RA-979,Aluno-979,0,Topázio,8.0352454545,0.3058,Médio
RA-1312,Aluno-1312,0,Ametista,7.510200000000001,0.3058,Médio
RA-760,Aluno-760,3,Agata,6.942581818200001,0.3052,Médio
RA-1319,Aluno-1319,0,Ametista,7.201526797300001,0.305,Médio
RA-1315,Aluno-1315,0,Topázio,8.3510666667,0.3043,Médio
RA-1385,Aluno-1385,0,Ametista,7.7262,0.3042,Médio
RA-1387,Aluno-1387,0,Ametista,7.8030796992,0.3035,Médio
RA-1348,Aluno-1348,0,Ametista,7.9604662539,0.3033,Médio
RA-1311,Aluno-1311,0,Agata,6.4118666668,0.3029,Médio
RA-1383,Aluno-1383,0,Topázio,8.3720803259,0.3018,Médio
RA-1492,Aluno-1492,2,Topázio,8.479020512900002,0.3017,Médio
RA-1089,Aluno-1089,3,Ametista,7.6221531746,0.3006,Médio
RA-364,Aluno-364,3,Topázio,8.2697037582,0.2998,Baixo
RA-1009,Aluno-1009,0,Agata,6.395389393900001,0.2992,Baixo
RA-1282,Aluno-1282,0,Ametista,7.8769272727000015,0.2992,Baixo
RA-1276,Aluno-1276,0,Topázio,8.002866666700001,0.2992,Baixo
RA-1351,Aluno-1351,0,Topázio,8.1861038462,0.2991,Baixo
RA-1280,Aluno-1280,0,Topázio,8.152624242500002,0.2989,Baixo
RA-1307,Aluno-1307,0,Agata,6.5940333333000005,0.2988,Baixo
RA-1275,Aluno-1275,0,Ametista,7.611366666700001,0.2984,Baixo
RA-907,Aluno-907,0,Ametista,7.9400888889,0.2979,Baixo
RA-1277,Aluno-1277,0,Ametista,7.952200000100001,0.2972,Baixo
RA-1298,Aluno-1298,0,Ametista,7.577287995300001,0.2971,Baixo
RA-1528,Aluno-1528,3,Ametista,7.622584090933335,0.2968,Baixo
RA-867,Aluno-867,0,Ametista,7.583018181800001,0.2968,Baixo
RA-950,Aluno-950,0,Ametista,7.693461904800001,0.2962,Baixo
RA-1538,Aluno-1538,3,Ametista,7.9631703704333345,0.2962,Baixo
RA-858,Aluno-858,0,Agata,6.917866666700001,0.2932,Baixo
RA-969,Aluno-969,0,Ametista,7.453427272700001,0.2925,Baixo
RA-923,Aluno-923,1,Ametista,7.688609090900001,0.2922,Baixo
RA-903,Aluno-903,1,Topázio,8.0758287879,0.2922,Baixo
RA-1525,Aluno-1525,3,Ametista,7.778263492033334,0.2921,Baixo
RA-1356,Aluno-1356,0,Ametista,7.8695888889,0.2908,Baixo
RA-1380,Aluno-1380,0,Ametista,7.964342230600001,0.2898,Baixo
RA-984,Aluno-984,1,Topázio,8.475080952400003,0.2898,Baixo
RA-971,Aluno-971,0,Agata,6.8916181818,0.2898,Baixo
RA-987,Aluno-987,1,Topázio,8.3028861472,0.2893,Baixo
RA-1375,Aluno-1375,0,Topázio,8.101200000000002,0.2889,Baixo
RA-1290,Aluno-1290,0,Topázio,8.407200000000001,0.2887,Baixo
RA-1324,Aluno-1324,0,Topázio,8.332450000000001,0.2887,Baixo
RA-980,Aluno-980,1,Ametista,7.946388311600001,0.288,Baixo
RA-1279,Aluno-1279,0,Topázio,8.0822,0.2871,Baixo
RA-1382,Aluno-1382,0,Ametista,7.834830952400001,0.2868,Baixo
RA-1329,Aluno-1329,0,Ametista,7.98945,0.2852,Baixo
RA-1322,Aluno-1322,0,Topázio,8.47795,0.2848,Baixo
RA-1339,Aluno-1339,0,Ametista,7.3547,0.2843,Baixo
RA-1333,Aluno-1333,0,Topázio,8.213199999999999,0.2808,Baixo
RA-1286,Aluno-1286,0,Quartzo,5.914801966800001,0.2804,Baixo
RA-1292,Aluno-1292,0,Agata,6.9031621211,0.2798,Baixo
RA-1281,Aluno-1281,0,Ametista,7.982890909100001,0.2767,Baixo
RA-994,Aluno-994,0,Ametista,7.7982217391,0.2764,Baixo
RA-1357,Aluno-1357,0,Ametista,7.1807,0.2741,Baixo
RA-1316,Aluno-1316,0,Ametista,7.59291123,0.274,Baixo
RA-1073,Aluno-1073,3,Ametista,7.0859945773333335,0.2738,Baixo
RA-1134,Aluno-1134,3,Ametista,7.7564571427,0.2706,Baixo
RA-1321,Aluno-1321,0,Ametista,7.95295,0.2706,Baixo
RA-876,Aluno-876,1,Ametista,7.612057142800001,0.2706,Baixo
RA-1386,Aluno-1386,0,Ametista,7.803580952400001,0.269,Baixo
RA-1291,Aluno-1291,0,Topázio,8.079200000000002,0.268,Baixo
RA-1309,Aluno-1309,0,Topázio,8.379199999899999,0.2656,Baixo
RA-1327,Aluno-1327,0,Topázio,8.264116666700001,0.2624,Baixo
RA-929,Aluno-929,0,Ametista,7.7244368421,0.2592,Baixo
RA-1545,Aluno-1545,3,Ametista,7.296598575533334,0.258,Baixo
RA-1331,Aluno-1331,0,Ametista,7.8522833333,0.257,Baixo
